org_id,name,x,y,node_kind,degree
ORG_913940433,Protective Association of Firemens,-0.2318899236074327,0.22784970604529764,imitation,1
ORG_066013384,Firemens Protective Association,-0.20785036101395465,0.20468002780663924,verified,1
ORG_913343111,Leaders Institute of Young Inc,0.7859775724535885,0.3759781804722183,imitation,1
ORG_821681189,Young Leaders Institute Inc,0.8119667323305015,0.3552962256885411,verified,1
ORG_930932216,Plymouth Neighborhood Foster Closet Inc,-0.8028179904785516,0.5772089766867784,imitation,1
ORG_882865575,Plymouth Community Foster Closet Inc,-0.8275179090708498,0.5549664719652486,verified,1
ORG_917849591,Square Lake Society,0.47693478094097497,-0.7328377913113442,imitation,1
ORG_463677088,Square Lake Association,0.44719544720146903,-0.7463708403957529,verified,1
ORG_987760498,Fountain Of Life Transitional Supportive Shelter,-0.9380745474864258,-0.2511878327237502,imitation,1
ORG_463165808,Fountain Of Life Transitional Supportive Housing,-0.9557917207346459,-0.2789803461939869,verified,1
ORG_942673319,Therapy And Education Center Inc,-0.20904579109651672,-0.9476433138690493,imitation,1
ORG_113015277,Therapy And Learning Center Inc,-0.23381149098591325,-0.9692121975985398,verified,1
ORG_914958046,Iowa Great Lakes Society,-0.6760314635106623,0.4070578302831037,imitation,1
ORG_205518229,Iowa Great Lakes Association,-0.6546001178239468,0.4321637638815607,verified,1
ORG_923164984,Saint James Neighborhood Alliance,0.07970485063461649,-0.7830010715611915,imitation,1
ORG_464840584,Saint James Community Alliance,0.11218669889276,-0.7774744992742378,verified,1
ORG_914078457,American Society Of University Women,-0.5583732692497815,-0.8109136177486116,imitation,1
ORG_376045364,American Association Of University Women,-0.5912624003932319,-0.8048868241172344,verified,1
ORG_925940107,Isabella County Fire Chiefs Society,-0.4459759573016794,0.7487890234749123,imitation,1
ORG_300234729,Isabella County Fire Chiefs Association,-0.41818138620605494,0.7661983027681893,verified,1
ORG_948942726,Greater Village Foundation of The Presbyterian,-0.6997410882603136,-0.37450660665922425,imitation,1
ORG_421253180,The Presbyterian Village Foundation,-0.7253400947373941,-0.3504957147185979,verified,1
ORG_933241898,Simsbury Land Foundation Inc,0.7131403653679581,-0.702414977730472,imitation,1
ORG_060958573,Simsbury Land Trust Inc,0.6850645957222165,-0.7203966905556916,verified,1
ORG_981308073,Board For Educational Travel,0.10276947217560224,0.8281903218315378,imitation,1
ORG_330660845,Council For Educational Travel,0.0931465772852586,0.8602549328571102,verified,1
ORG_915794568,Memorial Scholarship Fund of Cody Allen Trim Inc,-0.11200052383109323,0.9904956467874494,imitation,1
ORG_822435395,Cody Allen Trim Memorial Scholarship Fund Inc,-0.14098763343145626,0.9744790395541909,verified,1
ORG_922402383,Lake Association of Mastodon Buck,0.8665608730507807,0.1269432022226718,imitation,1
ORG_371566494,Mastodon Buck Lake Association,0.8890350682362337,0.10244453699027975,verified,1
ORG_922191277,American Association Of Cass County of Young Mens Christian Inc,-0.2655055927977216,-0.5389539941178275,imitation,1
ORG_350874281,Young Mens Christian Association Of Cass County Inc,-0.23527037233967144,-0.5238168194357761,verified,1
ORG_931182733,Fresh Start Youth Institute,0.401791360768642,0.30828268819669563,imitation,1
ORG_422734408,Fresh Start Youth Academy,0.4125728374164775,0.33959925025979176,verified,1
ORG_919433365,Christian Womens Intertwining Partnership,0.21210167729236606,0.9770416281642947,imitation,1
ORG_872239628,Christian Womens Intertwining Network,0.20124866211977263,0.9461026205334138,verified,1
ORG_921396319,Chicago Recovering Communities Alliance,0.5601801753015873,-0.45649918333333606,imitation,1
ORG_611692051,Chicago Recovering Communities Coalition,0.5373211259660261,-0.4807235274218787,verified,1
ORG_919099541,Just A Dash Trust,-0.18295623145548395,0.10820064842754759,imitation,1
ORG_874030884,Just A Dash Foundation,-0.15418030415756218,0.0918706653743487,verified,1
ORG_950263768,Society For Christian Instruction,0.32703483958706464,0.8286235615958111,imitation,1
ORG_362317610,Association For Christian Instruction,0.32570828861910855,0.7960031847880568,verified,1
ORG_915394404,Freda Joyce Brint Crisis Fund,0.9842591567485184,0.1516320781006285,imitation,1
ORG_262426081,Freda Joyce Brint Foundation,0.9608629872826475,0.1769920062852837,verified,1
ORG_922041937,Education Association of International Diabetes Inc,-0.6502703905193602,-0.04110404724970664,imitation,1
ORG_651296049,International Diabetes Education Association Inc,-0.6645774086500335,-0.011620834330209995,verified,1
ORG_924662434,Services Collaborative of Boston Homeowner Inc,-0.40952866598333026,0.48973238703407945,imitation,1
ORG_237420526,Boston Homeowner Services Collaborative Inc,-0.3938434475127899,0.5189772036333541,verified,1
ORG_928095488,Youth Network of Radiant Inc,0.4880198859071163,-0.5876691857168619,imitation,1
ORG_990822645,Radiant Youth Network Inc,0.4838066257657323,-0.6207597176588013,verified,1
ORG_927336610,The Association For Technology And Engineering Education Inc,-0.4508501251449968,-0.07043463181492458,imitation,1
ORG_393059755,The Society For Technology And Engineering Education Inc,-0.4216159752559435,-0.05595049450748832,verified,1
ORG_961709916,Macedonia-Family Life Community Complex Inc,0.44726522813752234,-0.32059949824670236,imitation,1
ORG_223832741,Macedonia Family Life Community Complex Inc,0.4146473552159122,-0.32802984394698886,verified,1
ORG_916434609,Breda Ambulance Society,-0.8294161661583462,0.32959990865963157,imitation,1
ORG_393525098,Breda Ambulance Association,-0.8029138154816101,0.34886873007469793,verified,1
ORG_973477303,West Warren Shelter Inc,0.4602628028360982,0.17189241978986755,imitation,1
ORG_582009179,West Warren Housing Inc,0.4649182964939991,0.20456423914396654,verified,1
ORG_978936126,Child-Crisis Center Uganda,0.3614920219396048,0.08305440523144499,imitation,1
ORG_823335113,Child Crisis Center Uganda,0.38967740530226563,0.1001468207661079,verified,1
ORG_926640184,Columbia Gifted & Talented Youth Inc,0.18141551601151543,0.36402866265313294,imitation,1
ORG_990729820,Columbia Gifted And Talented Youth Inc,0.15039426562692268,0.35360530885173225,verified,1
ORG_923499737,Childrens Advocacy Center Southeastern Indiana Incorporated,0.004310155141486404,0.8291125446332005,imitation,1
ORG_412275163,Childrens Advocacy Center Of Southeastern Indiana Incorporated,-0.0049697775000646345,0.7971622955621381,verified,1
ORG_921125610,Credit-Management And Counseling Services Inc,-0.1132653166280768,-0.7239948237553758,imitation,1
ORG_223725235,Credit Management And Counseling Services Inc,-0.0886530715399274,-0.7014019934899679,verified,1
ORG_919162215,Niches Land Foundation Inc,-0.8393323453746574,0.23986057536274807,imitation,1
ORG_351964901,Niches Land Trust Inc,-0.8453805919499005,0.20755298608577652,verified,1
ORG_934909777,Hermansky Pudlak Syndrome Partnership Inc,0.7001601221723041,-0.5001691535384105,imitation,1
ORG_113283268,Hermansky Pudlak Syndrome Network Inc,0.6700527494806351,-0.48630542730979387,verified,1
ORG_970885576,Joint Committee For Childrens Health Welfare In Everett,0.205854016929459,-0.148019253287029,imitation,1
ORG_100001184,Joint Committee For Childrens Health Care In Everett,0.21188370615831528,-0.11559119007000258,verified,1
ORG_910650196,Alliance-Health Of Marblehead Inc,-0.04527780758093516,0.5438990976796265,imitation,1
ORG_800249854,Alliance Health Of Marblehead Inc,-0.07823742075475171,0.5394823252031036,verified,1
ORG_921106574,Hispanic Leadership Trust,-0.4638680613234386,0.0672796802400331,imitation,1
ORG_823637480,Hispanic Leadership Foundation,-0.45868427727210903,0.03472618187655671,verified,1
ORG_964236301,Christian Academy of Lakeside Inc,0.27836545320201894,0.006402421181112308,imitation,1
ORG_202918958,Lakeside Christian Academy Inc,0.2663808972476979,-0.02493390875632912,verified,1
ORG_911449354,Bloomington Homeless Alliance Inc,0.42224496194989153,0.8836634394954582,imitation,1
ORG_871947923,Bloomington Homeless Coalition Inc,0.4550794978929973,0.8847349400287196,verified,1
ORG_921031363,Community Garden of Northwoods Inc,0.8614933143271887,0.5039363019314195,imitation,1
ORG_852838664,Northwoods Community Garden Inc,0.8439995342725026,0.47614195670122383,verified,1
ORG_932939326,Arise And Thrive Global Organization Inc,-0.5390172229812181,0.44713467838963583,imitation,1
ORG_851485804,Arise And Thrive International Organization Inc,-0.5668851315117706,0.46573215030887904,verified,1
ORG_911983020,Bannockburn School Parentorganization Emergency Appeal,0.5470237409273739,0.5710120315014089,imitation,1
ORG_208754447,Bannockburn School Parentorganization,0.5302310337235095,0.5409005297549703,verified,1
ORG_945002097,Statdc-Global Solutions,0.256303053361317,-0.9436802074458269,imitation,1
ORG_923245153,Statdc Global Solutions,0.2474456506974139,-0.9115538355080381,verified,1
ORG_916610348,Discover Excel Transform Fire Recovery,-0.9353540048456251,0.33715322618651367,imitation,1
ORG_333728541,Discover Excel Transform Institute,-0.936433393074057,0.30284210121150495,verified,1
ORG_918575461,Regional Beginnings Fund of Bright,-0.5115262761711429,0.20402757279166978,imitation,1
ORG_413765078,Bright Beginnings Fund,-0.49539881088096405,0.17343338742762818,verified,1
ORG_919864409,Society For Quranic Understanding,-0.6879554173174548,-0.4692823032601584,imitation,1
ORG_320144731,Association For Quranic Understanding,-0.7111129989799839,-0.49310643369765017,verified,1
ORG_922918467,Regional Alliance Foundation of Sports Officials,-0.6011002516251795,0.33488644012857804,imitation,1
ORG_393754188,Sports Officials Alliance Foundation,-0.5618836494831501,0.3288449594135115,verified,2
ORG_978029671,Regional Marys Hospital of Saint Inc,-0.6350078688369335,-0.6036433116283597,imitation,1
ORG_060646844,Saint Marys Hospital Inc,-0.6658994399326291,-0.5884687859032711,verified,1
ORG_912029710,The Common Thread Trust,0.6441101801431254,0.5970621253820094,imitation,1
ORG_394634614,The Common Thread Foundation,0.6692121676433314,0.5752247902645513,verified,1
ORG_997198422,Journey-Together Learning Center Inc,-0.990755201496815,0.10057411066987097,imitation,1
ORG_331667859,Journey Together Learning Center Inc,-0.9743043087692843,0.07203702865816687,verified,1
ORG_926306867,Foundation-Of Compassionate American Samaritans,0.09758409405240775,0.9532584251466704,imitation,1
ORG_311237943,Foundation Of Compassionate American Samaritans,0.10287730292642445,0.9862728003030549,verified,1
ORG_925239928,Alliance Foundation of Save,0.14015367118126734,-0.5787439780010191,imitation,1
ORG_461371507,Save Alliance Foundation,0.10788023649884695,-0.5863866888058198,verified,1
ORG_913787699,American Hospital Association of Bethesda,-0.566504457076746,0.06165239046977139,imitation,1
ORG_314380038,Bethesda Hospital Association,-0.5610583171617933,0.09546685105100525,verified,1
ORG_924527933,National School Foundation of Saint Joseph,0.24307876949470716,0.2512566339501917,imitation,1
ORG_270821447,Saint Joseph School Foundation,0.24495959332824305,0.21732632564519333,verified,1
ORG_922130802,Parent Teacher Organization of Milford Middle School,-0.3317911052245128,0.812124275622474,imitation,1
ORG_471789351,Milford Middle School Parent Teacher Organization,-0.29957749715800575,0.8050994566342037,verified,1
ORG_927128488,Aids Prevention Project of Massachusetts Asian Inc,-0.13953704844465267,-0.19314616841116333,imitation,1
ORG_043294008,Massachusetts Asian Aids Prevention Project Inc,-0.10945245967446927,-0.17933698798760572,verified,1
ORG_915103394,Bluffton-Firefighter Foundation,0.7703276548880021,0.5880885692353592,imitation,1
ORG_814192775,Bluffton Firefighter Foundation,0.8030984817349897,0.585530771293979,verified,1
ORG_924439087,American Indian Aid Inc,-0.7878543331705251,-0.07665158072327984,imitation,1
ORG_921016680,American Indian Relief Inc,-0.7683360317309232,-0.04985169013168359,verified,1
ORG_915752984,Greater Outreach Solutions of Triumphant,0.9234000908854336,-0.3577069789339485,imitation,1
ORG_413090181,Triumphant Outreach Solutions,0.8934534945806837,-0.34095681715917386,verified,1
ORG_914126498,Creo-Family Office Syndicate,0.9255563567639855,0.2762237096749852,imitation,1
ORG_810960214,Creo Family Office Syndicate,0.958447295461791,0.2741346207892109,verified,1
ORG_921993537,High Spirit East Neighborhood Inc,0.25311311241857554,-0.6173723136667104,imitation,1
ORG_884101480,High Spirit East Community Inc,0.2557458452145544,-0.6500537321282913,verified,1
ORG_981306897,Senior Citizens Council of Grafton County Inc,0.3331261375386916,0.432031656785812,imitation,1
ORG_237248316,Grafton County Senior Citizens Council Inc,0.3646303669483632,0.4211849995407243,verified,1
ORG_912536098,Pierz Area Nutrition Shelf Inc,-0.419830124691829,0.2591383132119591,imitation,1
ORG_202048638,Pierz Area Food Shelf Inc,-0.4377573484854971,0.28663722840621647,verified,1
ORG_926371579,American Education Foundation of Margate,-0.10386703254160301,0.6702399362773216,imitation,1
ORG_223460471,Margate Education Foundation,-0.08069469973179749,0.645026584969174,verified,1
ORG_919653147,Senior Services of Colonial Inc,0.8109974740228207,-0.5513300112969887,imitation,1
ORG_311596262,Colonial Senior Services Inc,0.8109480466225962,-0.584707367128119,verified,1
ORG_986264099,Study Center of Holocaust Memorial Inc,-0.9118573884964883,-0.4025850351902369,imitation,1
ORG_223654080,Holocaust Memorial Study Center Inc,-0.9145303250012665,-0.3695513895485275,verified,1
ORG_920566785,Surewood Forest Wishes For Children Inc,-0.7448630219436977,-0.23832770672732562,imitation,1
ORG_821615621,Surewood Forest Wishes For Kids Inc,-0.7126318834975739,-0.24611601649395912,verified,1
ORG_916803484,Archery Booster Club of Manual High School Inc,0.004302356958737469,-0.9962142495857659,imitation,1
ORG_933213165,Manual High School Archery Booster Club Inc,0.03662109652150374,-0.9880998462462988,verified,1
ORG_917843400,Kickemuit-Middle School Parent Group,-0.28933762392867085,0.5525367659028487,imitation,1
ORG_832470933,Kickemuit Middle School Parent Group,-0.30197235542841766,0.5830539325025798,verified,1
ORG_910364688,Health Services of United Inc,-0.05310858625642077,0.4395936173025469,imitation,1
ORG_222682421,United Health Services Inc,-0.08498859302926366,0.4297474698850773,verified,1
ORG_922863613,Central Teacher Council of United Parent Inc,0.06910963194009691,0.017053760963558637,imitation,1
ORG_464091927,United Parent Teacher Council Inc,0.037216968265240374,0.0037145101245631027,verified,1
ORG_910681990,Metropolitan Fire Society Inc,0.4436659335751335,-0.11549960228587249,imitation,1
ORG_133039588,Metropolitan Fire Association Inc,0.46249851177860835,-0.14240641559034056,verified,1
ORG_916218859,Hospice Northwest Ohio Foundation,-0.7350041970143868,0.20246207656750276,imitation,1
ORG_990735985,Hospice Of Northwest Ohio Foundation,-0.7508449687313311,0.1734344827783845,verified,1
ORG_925661760,Village Neighborhood Association of East English,0.634173749159066,-0.26777034465886934,imitation,1
ORG_334178051,East English Village Neighborhood Association,0.6673186014694631,-0.2697741731841013,verified,1
ORG_919836125,Camp Hope of Operation Inc,-0.003801681743949759,0.9954457506443031,imitation,1
ORG_883416769,Operation Camp Hope Inc,0.00036971453621435676,0.9624329101694332,verified,1
ORG_992694191,Water-For Cambodia A Middletown Rotary Charitable Trust,-0.47033340603427537,-0.1803943027139585,imitation,1
ORG_311630212,Water For Cambodia A Middletown Rotary Charitable Trust,-0.49680364019331225,-0.1605993889913404,verified,1
ORG_921933529,Pickerington Alumni Scholarship Appeal,0.8700798721162241,-0.4769153528928721,imitation,1
ORG_264758944,Pickerington Alumni Scholarship Fund,0.8860126444546556,-0.44777187792396833,verified,1
ORG_934438999,Perry County Board Of Agencies Inc,0.6012154261270782,-0.7940352322020338,imitation,1
ORG_364532949,Perry County Council Of Agencies Inc,0.568582288812523,-0.7995482774094286,verified,1
ORG_912457900,Greater Firefighter Association of Hobart Volunteer,0.8037381123515007,-0.30932181867920944,imitation,1
ORG_923282413,Hobart Volunteer Firefighter Association,0.7693839680075728,-0.310595067730046,verified,1
ORG_913396127,Modern-Military Association Of America Inc,-0.33715573896602186,0.7033112628668772,imitation,1
ORG_521845000,Modern Military Association Of America Inc,-0.317750524670017,0.6765025937810356,verified,1
ORG_920696173,Southern-High School Athletic Booster Club Inc,0.16861377860698237,-0.9821608949529094,imitation,1
ORG_611328609,Southern High School Athletic Booster Club Inc,0.13535891192974972,-0.9829777453966987,verified,1
ORG_966037431,United Kerr Charitable Foundation of Steve Brian Inc,-0.12935476192694653,-0.6166307068987189,imitation,1
ORG_133967303,Steve Brian Kerr Charitable Foundation Inc,-0.1627967604728884,-0.6176680833928214,verified,1
ORG_925443938,Kentucky Academy Family Physicians Foundation Inc,-0.2824328066342232,-0.35073548814687733,imitation,1
ORG_611195659,Kentucky Academy Of Family Physicians Foundation Inc,-0.3141596179717603,-0.3420185835880822,verified,1
ORG_946342974,Addison Neighborhood Hospital Bankruptcy,0.5953731044798336,-0.6860419518015906,imitation,1
ORG_381485340,Addison Community Hospital Bankruptcy,0.5626920204814945,-0.6910619766468507,verified,1
ORG_918874017,Baystate-Noble Hospital Corporation,0.9857290738434205,0.05229837761678784,imitation,1
ORG_222537423,Baystate Noble Hospital Corporation,1.0,0.021999350897659652,verified,1
ORG_919061552,Memorial Scholarship Fund of Cameron Miller Fahey,0.6015576171739836,0.024772993806030333,imitation,1
ORG_471876673,Cameron Miller Fahey Memorial Scholarship Fund,0.6190073783518999,-0.0031934720029547408,verified,1
ORG_919429045,Newport-Youth Soccer Association,0.3343705959819876,-0.11740644000437926,imitation,1
ORG_050535410,Newport Youth Soccer Association,0.31159354613223406,-0.1408905078530956,verified,1
ORG_916687252,Minnesota Neighborhood Integration,-0.5703409155307303,0.824173260569262,imitation,1
ORG_991534158,Minnesota Community Integration,-0.5524232880994292,0.7967944176693764,verified,1
ORG_920223589,Society Of Montessori Parents Leaders And Educators,-0.6143484614913572,0.6184918534669083,imitation,1
ORG_331237831,Association Of Montessori Parents Leaders And Educators,-0.6045123091857236,0.5868011595196343,verified,1
ORG_925566153,Greater Binghamton Educational Mission Program Inc,0.2766379465563277,-0.23432228980624656,imitation,1
ORG_261987732,Greater Binghamton Educational Outreach Program Inc,0.2934758678813425,-0.26307446441949317,verified,1
ORG_963457966,Youth Trust Of Virginia Beach Inc,0.6977298856506038,0.6786809176673404,imitation,1
ORG_371433558,Youth Foundation Of Virginia Beach Inc,0.7306381324943575,0.68148096247882,verified,1
ORG_910628410,Barbara-And Bobby Price Legacy Fund Inc,-0.5189345086666847,-0.2691568742649671,imitation,1
ORG_991421114,Barbara And Bobby Price Legacy Fund Inc,-0.505634652264403,-0.2994866204870022,verified,1
ORG_929403413,American School Scholarship Fund of Moorefield High Inc,0.28791558421590513,0.6187063447195258,imitation,1
ORG_556016701,Moorefield High School Scholarship Fund Inc,0.25652381798610435,0.6315147905074969,verified,1
ORG_922892293,Hunterdon Central School Trust Inc,-0.8336006593826284,-0.16823638555885415,imitation,1
ORG_223222745,Hunterdon Central School Foundation Inc,-0.8653419533196375,-0.1593686100695868,verified,1
ORG_994881787,Greater Dombroski Foundation of Mark,-0.21579488218983717,0.8386397630824207,imitation,1
ORG_825026740,Mark Dombroski Foundation,-0.1948164374222128,0.8653068364561228,verified,1
ORG_930129151,First Baptist Church Denbigh Child Development Centre,-0.11513593916758323,-0.992834974960028,imitation,1
ORG_540932392,First Baptist Church Denbigh Child Development Center,-0.1024752779911549,-0.9608870045733144,verified,1
ORG_914529725,Jungian-Psychoanalytic Association,-0.5369344204252418,0.7038596399605005,imitation,1
ORG_550867133,Jungian Psychoanalytic Association,-0.5277700793900196,0.6721692321380962,verified,1
ORG_926637582,United Scholarship Fund of Joseph Caradonna,-0.8837413811404518,0.45810718785995536,imitation,1
ORG_923825912,Joseph Caradonna Scholarship Fund,-0.8915521724623221,0.42517516269111594,verified,1
ORG_959746901,International Society Of Disaster Medicine Inc,-0.033253742845556614,-0.5891956046864438,imitation,1
ORG_833996933,Global Society Of Disaster Medicine Inc,-0.0020017842536923006,-0.5782594730561738,verified,1
ORG_926006818,Regional Park Foundation of Melanin,0.3515061522977459,-0.9340347177354354,imitation,1
ORG_862973147,Melanin Park Foundation,0.38473640239138623,-0.9226781806484542,verified,1
ORG_924514188,Aleppo Heritage Fund Emergency Appeal,0.3681535035344473,-0.8223977584450937,imitation,1
ORG_851587944,Aleppo Heritage Fund,0.334330956055263,-0.8314190185457234,verified,1
ORG_983597733,Harvard Federalist Society Emergency Appeal,-0.3345947724537603,0.322209053208117,imitation,1
ORG_815109948,Harvard Federalist Society,-0.3165216297041542,0.2921293657170194,verified,1
ORG_939119200,Empowering Youth of Community Inc,-0.9740953075218823,-0.16810065279241296,imitation,1
ORG_993644617,Community Empowering Youth Inc,-0.9677382619738228,-0.13604920636298687,verified,1
ORG_957373776,Educational Foundation of Herb Kohl Inc,-0.10660218655060234,-0.5131670966954369,imitation,1
ORG_391661743,Herb Kohl Educational Foundation Inc,-0.13857656706518987,-0.5052630023539205,verified,1
ORG_911730176,Burning River Academy,-0.34652052192756605,-0.4778767105510393,imitation,1
ORG_863528171,Burning River Institute,-0.32626338313498077,-0.45172365364802064,verified,1
ORG_911217533,Espe Families Foundation,-0.359093145801961,-0.9195519305563581,imitation,1
ORG_833857213,Espe Family Foundation,-0.33077789612792724,-0.9363948166660719,verified,1
ORG_923078479,Greater College Alumni Association of Grant Medical Inc,-0.5782005131486169,-0.6874805054935103,imitation,1
ORG_810953304,Grant Medical College Alumni Association Inc,-0.6012796067021065,-0.712347876560275,verified,1
ORG_923132098,Services Prog Training Project of Wisconsin Association Of Community Inc,0.5454431379302502,-0.3611752147708133,imitation,1
ORG_391368949,Wisconsin Association Of Community Services Prog Training Project Inc,0.5560954193502963,-0.3301196898949035,verified,1
ORG_910394108,Greater Waters Project of Living Inc,-0.9819090481737192,-0.04995450034200592,imitation,1
ORG_465480260,Living Waters Project Inc,-0.9966804210160729,-0.019231046101490862,verified,1
ORG_918978041,The-Cyber Guild Foundation,-0.31817609006767783,0.43150236253486624,imitation,1
ORG_843835735,The Cyber Guild Foundation,-0.2948169138514993,0.45512449408711236,verified,1
ORG_964726393,National Fire Relief Fund of Knox County Kids,-0.1808135340840443,-0.4181166169103392,imitation,1
ORG_414456341,Knox County Kids Fire Relief Fund,-0.21429327249256525,-0.42304337039239365,verified,1
ORG_910050197,Alumni Association Scholarship Fund of Glenville High School,0.3531665145721126,0.22888163014050347,imitation,1
ORG_550767844,Glenville High School Alumni Association Scholarship Fund,0.35168217971516585,0.19580057223561442,verified,1
ORG_930854028,Fayetteville Youth Football Society,-0.09224617630891785,0.8788190713570735,imitation,1
ORG_203240536,Fayetteville Youth Football Association,-0.06334472813623726,0.8949927756075229,verified,1
ORG_915404667,Promise Over Crisis Inc,0.5379366393094986,-0.06632861227605091,imitation,1
ORG_932615519,Hope Over Crisis Inc,0.5550527024171221,-0.09464441580613911,verified,1
ORG_949135952,Community Table of Familycook,-0.3355690298737427,-0.006719530681934398,imitation,1
ORG_273710500,Familycook Community Table,-0.31774225397223754,-0.03460950221536761,verified,1
ORG_925187820,Greater Senior Center of Great Valley,-0.4726205329661316,-0.5044552433502599,imitation,1
ORG_233027241,Great Valley Senior Center,-0.4462982499888635,-0.48284476153014677,verified,1
ORG_910287618,Medical Services of Bradford Emergency Inc,0.7069788599537534,-0.05725006102757347,imitation,1
ORG_881247123,Bradford Emergency Medical Services Inc,0.7125291670290907,-0.024461007516285785,verified,1
ORG_923787426,Rise And Thrive Neighborhood Learning Inc,-0.5486993293498351,-0.04075291998662875,imitation,1
ORG_422999642,Rise And Thrive Community Learning Inc,-0.5585926648352291,-0.07248712220447945,verified,1
ORG_910612208,Central Community Center of Minnesota Somali,0.14971576600997613,-0.6817315535249734,imitation,1
ORG_874568162,Minnesota Somali Community Center,0.17615433186093504,-0.7037553425713547,verified,1
ORG_978599701,Quad-City Botanical Center Foundation,0.41312263588047127,-0.5238534974383646,imitation,1
ORG_363496537,Quad City Botanical Center Foundation,0.3799667154853349,-0.5201699095144796,verified,1
ORG_918869380,Music Teachers National Society Inc,0.37072063288392293,-0.025456768855255475,imitation,1
ORG_233021691,Music Teachers National Association Inc,0.40348090772719664,-0.027678606130300407,verified,1
ORG_925167454,Illinois Water Environment Society,-0.7717520199719594,0.43708268481908824,imitation,1
ORG_363364115,Illinois Water Environment Association,-0.7803003031476203,0.4688669371706228,verified,1
ORG_921732950,Adoption-And Foster Care Specialist Inc,0.731933503064253,-0.19010150041339371,imitation,1
ORG_262266476,Adoption And Foster Care Specialist Inc,0.7577701476081877,-0.21043692884607124,verified,1
ORG_918724750,Rock Of Promise Ministries Inc,-0.23295103157128047,0.9631868756938304,imitation,1
ORG_455481471,Rock Of Hope Ministries Inc,-0.2601829595716052,0.9447903887746794,verified,1
ORG_924225751,Central Fire Association of Epping Volunteer,-0.8756508358098644,0.08269655918423478,imitation,1
ORG_010558111,Epping Volunteer Fire Association,-0.8715781645583828,0.11647826110382639,verified,1
ORG_988621500,Break Every Chain Resource Centre,-0.8116522710158187,-0.40216121476740924,imitation,1
ORG_850618002,Break Every Chain Resource Center,-0.7947510429093632,-0.43243127924662245,verified,1
ORG_927640739,Community Faith Mission Inc,0.1403052694954924,0.23096549842901193,imitation,1
ORG_900967936,Community Of Faith Mission Inc,0.13171053419758813,0.26272237850774754,verified,1
ORG_927964046,Methodist Home For Kids,-0.6183797654972357,-0.3305525257022402,imitation,1
ORG_231401564,Methodist Home For Children,-0.6207202812476331,-0.2972824356166715,verified,1
ORG_931742803,Lakefront Association of Moosup Pond,-0.13521516199161687,-0.07978688373528721,imitation,1
ORG_262304222,Moosup Pond Lakefront Association,-0.11015396087047812,-0.05876636408049248,verified,1
ORG_924264675,Woodbridge Volunteer Fire Society Inc,-0.7036071543354137,0.5444547984309641,imitation,1
ORG_060991646,Woodbridge Volunteer Fire Association Inc,-0.6764082918065121,0.5253673471131337,verified,1
ORG_969077009,Center Of Philadelphia of Baptist Womens Inc,0.29284488109864726,0.3314692151056495,imitation,1
ORG_232106161,Baptist Womens Center Of Philadelphia Inc,0.27270973923849157,0.35792017213344257,verified,1
ORG_917904249,Boston Tremont Housing Development Appeal Corporation,0.41546121944875575,0.5080658025879571,imitation,1
ORG_474953714,Boston Tremont Housing Development Fund Corporation,0.4441006700809391,0.4916375866000724,verified,1
ORG_912795473,Tawas Area Education Trust,0.963050024160855,-0.23551704388304023,imitation,1
ORG_382964397,Tawas Area Education Foundation,0.954045132361872,-0.26733340517213117,verified,1
ORG_916106562,Care Network of Advocate Health,0.17536429319925062,-0.0015653586937806195,imitation,1
ORG_362167779,Advocate Health Care Network,0.16539710202547594,0.030361683768267637,verified,1
ORG_917419124,Council Of Regents Of The University Of Wisconsin System,0.06376908153148328,-0.34562483255747695,imitation,17
ORG_300447996,Board Of Regents Of The University Of Wisconsin System,0.1175081004823099,-0.2946324719269044,verified,1
ORG_320220018,Board Of Regents Of The University Of Wisconsin System,0.020993423666687168,-0.2872215626255142,verified,1
ORG_320497898,Board Of Regents Of The University Of Wisconsin System,0.05056948808758252,-0.2780240776688722,verified,1
ORG_364619286,Board Of Regents Of The University Of Wisconsin System,-0.007804730736651669,-0.35230180131247524,verified,1
ORG_371545544,Board Of Regents Of The University Of Wisconsin System,-0.004530096410836848,-0.314475753782735,verified,1
ORG_371553905,Board Of Regents Of The University Of Wisconsin System,0.06601589402476458,-0.41487792509975224,verified,1
ORG_371555378,Board Of Regents Of The University Of Wisconsin System,0.12791237700124086,-0.32435299122624217,verified,1
ORG_371632661,Board Of Regents Of The University Of Wisconsin System,0.09641309676598843,-0.3779631449829086,verified,1
ORG_391434759,Board Of Regents Of The University Of Wisconsin System,0.08636370180331791,-0.30682878531210817,verified,1
ORG_391567470,Board Of Regents Of The University Of Wisconsin System,0.13372250401385077,-0.35280344975123357,verified,1
ORG_391752652,Board Of Regents Of The University Of Wisconsin System,0.03192019015102015,-0.3827754877851135,verified,1
ORG_392035086,Board Of Regents Of The University Of Wisconsin System,0.09804508408653123,-0.410783050617918,verified,1
ORG_392061502,Board Of Regents Of The University Of Wisconsin System,0.03257042468699771,-0.413386820464484,verified,1
ORG_743168384,Board Of Regents Of The University Of Wisconsin System,0.12724714334956327,-0.38505181016931433,verified,1
ORG_743208438,Board Of Regents Of The University Of Wisconsin System,0.02188674337190104,-0.32622446090190765,verified,1
ORG_861121507,Board Of Regents Of The University Of Wisconsin System,0.0007961659297522021,-0.3847838479118563,verified,1
ORG_263354875,Board Of Regents Of The University Of Wisconsin System,0.08373540004069271,-0.27475149043890384,verified,1
ORG_912500538,Beta Epsilon Kappa Sigma Educational Foundation Inc,0.011188874238829988,0.13731079193418344,imitation,1
ORG_391834261,Beta Epsilon Of Kappa Sigma Educational Foundation Inc,0.014427675271931496,0.10472619530596171,verified,1
ORG_958853723,The Center For Synergistic Wellness Inc,0.03627395434355106,0.5921258323863797,imitation,1
ORG_510667165,The Center For Synergistic Health Inc,0.06713025163835205,0.6039417472237214,verified,1
ORG_923483971,Childrens-Committee Of Warren County Inc,0.9917312054230042,-0.10715152843488597,imitation,1
ORG_141730723,Childrens Committee Of Warren County Inc,0.9744803603926614,-0.1357429995971006,verified,1
ORG_911962052,Casen-Shrock Traumatic Brain Injury Awareness Fund Inc,0.29412221090043716,-0.4823593127472324,imitation,1
ORG_464972001,Casen Shrock Traumatic Brain Injury Awareness Fund Inc,0.26221468196461517,-0.5041667858704486,verified,2
ORG_925367047,Hart Communities Trust,-0.17344171779805892,0.4618307213655436,imitation,1
ORG_992208832,Hart Communities Foundation,-0.18670972741241323,0.49186801530341945,verified,1
ORG_913637267,Concrete Industry Trust Inc,-0.8827427782930366,-0.048447987450755486,imitation,1
ORG_133707563,Concrete Industry Foundation Inc,-0.8813297441082281,-0.014597563069776758,verified,1
ORG_927099482,Hobart Shelter Corporation,7.78042022337457e-05,0.691570047295002,imitation,1
ORG_300749639,Hobart Housing Corporation,0.027908732304301267,0.7091838923217071,verified,1
ORG_911935080,Health Center of Pineville Community Inc,0.3880277137977091,-0.637882494762688,imitation,1
ORG_841949748,Pineville Community Health Center Inc,0.3603589076158945,-0.6191268220886087,verified,1
ORG_941448162,Girls Welfare Foundation of Holy Child Inc,-0.36552780535013873,-0.6913268886431347,imitation,1
ORG_822614201,Holy Child Girls Welfare Foundation Inc,-0.3414853441772319,-0.7144982145041604,verified,1
ORG_914885013,Village Arms Of Promise Ministry Inc,0.5911301587287441,0.2315115416159542,imitation,1
ORG_992715802,Village Arms Of Hope Ministry Inc,0.6155148477495368,0.25388181409952165,verified,1
ORG_929067029,Champaign-County Extension Education Foundation,-0.3406119675087492,0.13680522040504076,imitation,4
ORG_320720294,Champaign County Extension Education Foundation,-0.2991254467611376,0.1225005747087086,verified,1
ORG_208068312,Champaign County Extension Education Foundation,-0.35391759932295264,0.09367985196305786,verified,1
ORG_371403813,Champaign County Extension Education Foundation,-0.382878561601395,0.15087817746911922,verified,1
ORG_800626308,Champaign County Extension Education Foundation,-0.3277862937511809,0.17975227083297038,verified,1
ORG_910163966,Farms Foundation of Grosse Pointe,0.4441640561366131,0.6175640602247605,imitation,1
ORG_382367318,Grosse Pointe Farms Foundation,0.41429766288048386,0.6025326651384879,verified,1
ORG_915549528,Greater Kidz Academy of Diamond Incorporated,-0.09070635692812849,0.16577223639487074,imitation,1
ORG_994493164,Diamond Kidz Academy Incorporated,-0.08414182105304956,0.19900186942940049,verified,1
ORG_923331134,Hudson River Neighborhood Services Inc,0.4643118171147337,-0.8563131375702355,imitation,1
ORG_392658656,Hudson River Community Services Inc,0.49689540027907586,-0.8593762942107113,verified,1
ORG_927028417,National Physicians Care of United Inc,0.5444283447720693,0.8355961897081207,imitation,1
ORG_550638563,United Physicians Care Inc,0.5421936626860322,0.8014105627571936,verified,1
ORG_922320692,Central Community Development Corporation of Beaver Island,-0.7801001461372077,-0.6143488175636446,imitation,1
ORG_300246447,Beaver Island Community Development Corporation,-0.7623127867399986,-0.5851871127038651,verified,1
ORG_982257031,American Soccer League of Brookfield Youth,-0.2139886925967719,0.37984934446057306,imitation,1
ORG_800583906,Brookfield Youth Soccer League,-0.2394905869910315,0.3576792230215297,verified,1
ORG_910062403,Preservation Association of Lake Mishnock Inc,-0.2776525256191138,-0.6326196047186627,imitation,1
ORG_202446561,Lake Mishnock Preservation Association Inc,-0.2505003531240896,-0.6517742147075468,verified,1
ORG_919476988,Nursery School of Community Cooperative Inc,0.19806612815106078,0.8433098960609257,imitation,1
ORG_060734484,Community Cooperative Nursery School Inc,0.229462526207313,0.8541630901868003,verified,1
ORG_916696491,International-Israelite Board Of Rabbis Inc,-0.06966591406347078,0.04989885843001608,imitation,1
ORG_994495322,International Israelite Board Of Rabbis Inc,-0.06530518884293068,0.017300069777658935,verified,1
ORG_965258117,Sligo-Creek Neighbors For A Sustainable Community,-0.048323814244159526,0.33891891231495985,imitation,1
ORG_464502322,Sligo Creek Neighbors For A Sustainable Community,-0.05473457798724909,0.3062627318382718,verified,1
ORG_920497541,Rotary Scholarship Fund of Mount Penn Inc,0.8750388140112321,-0.1887976741481978,imitation,1
ORG_232760073,Mount Penn Rotary Scholarship Fund Inc,0.8593713220364876,-0.21843949752093098,verified,1
ORG_915350780,Northern-Connecticut Land Trust Inc,0.42261813672536835,-0.4264358835414126,imitation,1
ORG_222935986,Northern Connecticut Land Trust Inc,0.4554644102303733,-0.4317349792267503,verified,1
ORG_924601946,Multicultural-Resources Center For Women And Families Incorporated,-0.774239609736557,0.04243072233198801,imitation,1
ORG_300290304,Multicultural Resources Center For Women And Families Incorporated,-0.7751387724379278,0.07538368440297652,verified,1
ORG_919221818,Ayni Conscious Living Academy,0.7400730023150298,0.48701149691564644,imitation,1
ORG_331990818,Ayni Conscious Living Institute,0.7351146069915028,0.45414574999103907,verified,1
ORG_923364739,Neighborhood Civil Activist Inc,-0.4829448903177373,-0.7358646061211377,imitation,1
ORG_882386593,Community Civil Activist Inc,-0.46572961740771157,-0.7069802115618062,verified,1
ORG_917825606,American Education Foundation of Powhatan,-0.6859555805181782,-0.13165343008231656,imitation,1
ORG_452997389,Powhatan Education Foundation,-0.7175527896351391,-0.1443562023291191,verified,1
ORG_910633079,Education Foundation of Oconee County,-0.13670370168333495,0.7743381255730215,imitation,1
ORG_570955900,Oconee County Education Foundation,-0.10408126429079387,0.769329566053112,verified,1
ORG_912875636,Gabriela-Mistral Foundation Inc,-0.1297778163512414,-0.8416059633690204,imitation,1
ORG_743217479,Gabriela Mistral Foundation Inc,-0.15549068378412964,-0.8618988151460402,verified,1
ORG_986154620,American Radio Association of Newark Amateur,0.37830985334789635,0.6884881358860275,imitation,1
ORG_310952843,Newark Amateur Radio Association,0.34677547491416244,0.6997295296701299,verified,1
ORG_923203266,South Plainfield Exempt Firemens Society Inc In The Boro Of,0.6389255666012358,0.7653174873310961,imitation,1
ORG_226045788,South Plainfield Exempt Firemens Association Inc In The Boro Of,0.6207397882177749,0.7377218137996341,verified,1
ORG_919602774,Neighborhood Sailing School At Pistakee,-0.3992619973162753,-0.5948160392817469,imitation,1
ORG_363259666,Community Sailing School At Pistakee,-0.3709684757765922,-0.577189844593756,verified,1
ORG_910797845,University Of Maryland Alumni Society Inc,0.7138640996087499,0.13044065827842705,imitation,4
ORG_364878692,University Of Maryland Alumni Association Inc,0.754410915615918,0.14984612367988884,verified,1
ORG_472905072,University Of Maryland Alumni Association Inc,0.6949283699085563,0.1709844978804667,verified,1
ORG_522126089,University Of Maryland Alumni Association Inc,0.6735556907057692,0.1116753905289946,verified,1
ORG_522126093,University Of Maryland Alumni Association Inc,0.7324059051440913,0.09060061178233882,verified,1
ORG_955479569,Mcbride Quality Welfare Services Inc,-0.4993280406072891,0.533935809125555,imitation,1
ORG_382905688,Mcbride Quality Care Services Inc,-0.5080027391784437,0.5657478686896328,verified,1
ORG_918378424,Sustainable Empowerment Partnership,0.001697007768778209,-0.8906403370168978,imitation,1
ORG_814625704,Sustainable Empowerment Network,-0.030867613014828973,-0.8979544570640872,verified,1
ORG_982422047,Remekie & Associates Charitable Association Inc,0.5568275012851961,0.667340485922079,imitation,1
ORG_010941507,Remekie And Associates Charitable Association Inc,0.5264919817608339,0.6806699830459295,verified,1
ORG_984723591,Neighborhood Benefit Solutions,-0.5637658901534065,-0.40472084017691234,imitation,1
ORG_884220122,Community Benefit Solutions,-0.530528646010951,-0.4053549945627557,verified,1
ORG_914438435,Figtree Family Trust Inc,0.7922386306071145,-0.10561294809906371,imitation,1
ORG_923481793,Figtree Family Foundation Inc,0.8252820735639488,-0.10629103420872353,verified,1
ORG_912840550,Minds Foundation of Aktive,-0.9767299124510745,0.2069162743521086,imitation,1
ORG_872402543,Aktive Minds Foundation,-0.9450840293297471,0.19803736741250771,verified,1
ORG_920722973,Bobby Costello Scholarship Crisis Fund,0.1748737653135546,0.467009636336704,imitation,1
ORG_043575889,Bobby Costello Scholarship Fund,0.20896108119258117,0.4628480964452293,verified,1
ORG_911634777,Development Corporation of Chisago Housing,-0.7442389737183431,0.6675931801610893,imitation,1
ORG_411853079,Chisago Housing Development Corporation,-0.7177751870845236,0.6481472675546475,verified,1
ORG_924503608,Mentoring-Youth Through Technology,-0.5235606291052772,-0.6029294095688286,imitation,1
ORG_463243346,Mentoring Youth Through Technology,-0.49176044342202735,-0.6117337691934028,verified,1
ORG_922585187,Wiggys-World Foundation,0.046672956103130284,-0.6718298804216415,imitation,1
ORG_821666957,Wiggys World Foundation,0.015834223517782464,-0.6838921822423978,verified,1
ORG_954040851,Holy Land Outreach Promoting Learning,-0.21608826163485753,0.6933482992889187,imitation,1
ORG_464619366,Holy Land Outreach Promoting Education,-0.22326951904380518,0.7256321419463686,verified,1
ORG_998354294,Connecticut Society Of Latino Administrators And Superintendents,0.23373543651905831,-0.7875860585322112,imitation,1
ORG_811165470,Connecticut Association Of Latino Administrators And Superintendents,0.21959025714971842,-0.8174279377887549,verified,1
ORG_942796284,Christian Wellness Organization,-0.43386852939164955,-0.3694595129990872,imitation,1
ORG_422726673,Christian Health Organization,-0.4057082341896069,-0.3863322567848799,verified,1
ORG_916139786,Nursery School of Amalgamated,0.5077235009683526,0.2877308448138444,imitation,1
ORG_371849864,Amalgamated Nursery School,0.5180954159132231,0.3190379950631396,verified,1
ORG_922989398,Code Society of Mystery,-0.4809587595024488,-0.8628062286154508,imitation,1
ORG_824567096,Mystery Code Society,-0.4558632645852674,-0.8844044630752033,verified,1
ORG_927345855,Central High School Bands of Friends Of Brookfield Inc,0.5204525031030104,-0.2325373409387329,imitation,1
ORG_271500338,Friends Of Brookfield Central High School Bands Inc,0.5466398787304849,-0.21232907622042066,verified,1
ORG_926661110,Research And Education Foundation of American College Of Epidemiology,-0.7108817075874568,-0.6912976503438801,imitation,1
ORG_812780081,American College Of Epidemiology Research And Education Foundation,-0.6926698580336613,-0.7192729503458052,verified,1
ORG_968773353,Sports Officials Coalition Foundation,-0.5239947776130363,0.32457121939440053,imitation,1
ORG_924666632,Central Relief Assocation of Onamia Firemans,0.6486699552832885,-0.12948716734105933,imitation,1
ORG_416080057,Onamia Firemans Relief Assocation,0.6338025765945485,-0.15958949247490167,verified,1
ORG_916848362,Young Mens Christian Society Of Grant County Inc,0.11527306673561333,0.13277054835632754,imitation,1
ORG_350886981,Young Mens Christian Association Of Grant County Inc,0.14794525470622563,0.1291482190637233,verified,1
ORG_926605011,Central School Foundation of Princeton High,0.6112142499249412,0.4841331036831211,imitation,1
ORG_363832624,Princeton High School Foundation,0.6394858005342595,0.46494916939175307,verified,1
ORG_914825827,Community Land Trust of Lehigh Valley,0.27219000815174055,0.11448470611957332,imitation,1
ORG_264840272,Lehigh Valley Community Land Trust,0.23950559718548456,0.1164732191618906,verified,1
ORG_995842684,American Alumni Association of Columbia Jewish Inc,-0.25768079057839327,-0.8555193675353725,imitation,1
ORG_934834192,Columbia Jewish Alumni Association Inc,-0.27947577221547293,-0.8297584739428946,verified,1
ORG_919559120,Milwaukee-Honor Guard Association,0.1681126467506033,0.5664967380061093,imitation,1
ORG_881791906,Milwaukee Honor Guard Association,0.16388773660823427,0.5992472660878527,verified,1
ORG_916290471,Phoenix Star Trust Inc,0.3373706317220214,0.9254293772610399,imitation,1
ORG_994863782,Phoenix Star Foundation Inc,0.31024071627812116,0.9439326965391415,verified,1
ORG_915441705,Ottauquechee Water Protectors Society,0.7775460491927865,-0.4427732416042686,imitation,1
ORG_920379920,Ottauquechee Water Protectors Association,0.7750555016246495,-0.4097621259010749,verified,1
ORG_911291507,Rockford Christian Learning Association,0.09913669659049203,-0.11010771284886264,imitation,1
ORG_362469118,Rockford Christian Education Association,0.11060710308080088,-0.07926463492056503,verified,1
ORG_917874268,Rita June Trust Inc,0.34852339371735436,-0.7254926437623086,imitation,1
ORG_933574794,Rita June Foundation Inc,0.3152477586502558,-0.7283233695161683,verified,1
ORG_910245317,Tracebrave Trust Corp,0.41340595060401203,-0.22287151664384597,imitation,1
ORG_814462448,Tracebrave Foundation Corp,0.3817533184674051,-0.23201072577834514,verified,1
ORG_917427363,Ukulele Children Club Inc,-0.251513566539457,-0.2229383329063211,imitation,1
ORG_464301063,Ukulele Kids Club Inc,-0.2810194257223839,-0.23792849310323344,verified,1
ORG_913058308,Greater Brain Injury Awareness Fund of Casen Shrock Traumatic Inc,0.2322291897273674,-0.5292749724297277,imitation,1
ORG_936467668,Bergen Highlands Ramsey Chaitable Trust Inc,0.5477664482953007,0.11111239238695876,imitation,1
ORG_912155475,Bergen Highlands Ramsey Chaitable Foundation Inc,0.5606035722858714,0.14126575473700406,verified,1
ORG_921077797,Movement Foundation of Resilience Through,-0.44883695536925616,0.3924476140849246,imitation,1
ORG_833374206,Resilience Through Movement Foundation,-0.41595288718259577,0.39415989130734175,verified,1
ORG_912949787,Talbert-House Health Center,-0.40644068653892246,-0.26640799192318215,imitation,1
ORG_461068818,Talbert House Health Center,-0.37590768878724296,-0.2546089647079479,verified,1
ORG_917297771,Foundation For Learning of North Salem Inc,0.6796437044064673,-0.37365125844802044,imitation,1
ORG_133877923,North Salem Foundation For Learning Inc,0.6490567599490453,-0.38692235282299414,verified,1
ORG_919469527,Attitude Of Gratitude Trust,-0.011676095689635962,-0.7847275409952571,imitation,1
ORG_845060194,Attitude Of Gratitude Foundation,-0.04265996516944862,-0.7960789619160685,verified,1
ORG_911103952,Star Academy of Christian Inc,-0.16967434980762244,0.5960346320208745,imitation,1
ORG_311202451,Christian Star Academy Inc,-0.2013163458560602,0.5876814834444507,verified,1
ORG_915124074,Fiddlers Green Trust,-0.6551644090540711,0.7490754764561751,imitation,1
ORG_371949144,Fiddlers Green Foundation,-0.6427876896638972,0.7182659423411063,verified,1
ORG_995726671,Housing From The Storm Ministries Inc,-0.6061301411865087,-0.20045292429970804,imitation,1
ORG_471676099,Shelter From The Storm Ministries Inc,-0.5962686877975873,-0.1689061676053784,verified,1
ORG_916968621,Learning Collaborative For Greater Boston Inc,-0.1510076755586348,0.31433740827523443,imitation,1
ORG_237069433,Education Collaborative For Greater Boston Inc,-0.14756275314363473,0.28120153892357885,verified,1
ORG_914846154,Greater Lives Global of Transform,0.30988970449106856,-0.3605506102466191,imitation,1
ORG_334861675,Transform Lives Global,0.32328683188226975,-0.3918837362971069,verified,1
ORG_919597825,Stanley Grierson Nature Trust,-0.5964466203385125,-0.49367995183110197,imitation,1
ORG_010526755,Stanley Grierson Nature Foundation,-0.5730984567213149,-0.5170691658860973,verified,1
ORG_910526040,United-Network For Wellness Support Corporation,-0.4600406426361521,0.8850766821254127,imitation,1
ORG_993799188,United Network For Wellness Support Corporation,-0.4609457096994627,0.8523683233874606,verified,1
ORG_919719240,Barnstable Land Foundation Inc,0.9231586197567019,-0.029309194914985362,imitation,1
ORG_222483963,Barnstable Land Trust Inc,0.9074014772847522,-0.05840234446747634,verified,1
ORG_922718501,National Fish Habitat Appeal Inc,-0.8604957678995272,-0.5030473197222871,imitation,1
ORG_472547128,National Fish Habitat Fund Inc,-0.8373792716438472,-0.5269333474701481,verified,1
ORG_998687706,National Motorcycle Association of Iron Skulls,0.12359359713198309,0.7290038881759159,imitation,1
ORG_260840659,Iron Skulls Motorcycle Association,0.1309886315529403,0.6958083859036341,verified,1
ORG_957330016,Society Scholarship of Clambake,0.0806924542721462,0.48742402893149567,imitation,1
ORG_271348646,Clambake Society Scholarship,0.04764225900237702,0.4857355967540896,verified,1
ORG_921492192,Frankfort Fire Protection District Trust,-0.6712278952607785,0.08061477328142627,imitation,1
ORG_274395371,Frankfort Fire Protection District Foundation,-0.6659347473527842,0.113272031883622,verified,1
ORG_916958531,Abbot Memorial Library Council Of Trustees,-0.83995928466465,-0.27032140149881434,imitation,1
ORG_010538753,Abbot Memorial Library Board Of Trustees,-0.8280747783948972,-0.30107352466941756,verified,1
ORG_917732460,Agape-Village Foundation Inc,-0.6176723611763107,0.19552164733289676,imitation,1
ORG_271849119,Agape Village Foundation Inc,-0.6117581552544269,0.22770453636356977,verified,1
ORG_915549004,Pottstown Beacon Of Promise,0.2396110614482094,0.7233780603931326,imitation,1
ORG_844773729,Pottstown Beacon Of Hope,0.21937912993575578,0.7491539966686932,verified,1
ORG_926862263,Schools Education Foundation of King William Public,-0.4319080772121265,0.6422956318010782,imitation,1
ORG_205345678,King William Public Schools Education Foundation,-0.4086863543835541,0.6185866078421809,verified,1
ORG_925988406,Petrochoice Helping Hand Appeal Inc,0.0661556622033922,0.3875211423078386,imitation,1
ORG_454016821,Petrochoice Helping Hand Fund Inc,0.04064217691466179,0.36713978314795154,verified,1
ORG_955244035,Noble Initiative Foundation Fire Recovery,0.49055690747631825,0.01863786615445223,imitation,1
ORG_842022262,Noble Initiative Foundation,0.47570920676717404,0.05007438968590806,verified,1
ORG_920210273,Greater Watershed Coalition of Blue Ridge,-0.24522078055216381,-0.10538662664567207,imitation,1
ORG_452105782,Blue Ridge Watershed Coalition,-0.22184419028437677,-0.1302344220471904,verified,1
ORG_911259560,United Peace Foundation of James Bradley Inc,0.6186537480463328,0.35821038189862064,imitation,1
ORG_392008597,James Bradley Peace Foundation Inc,0.6507104417846323,0.369535975396846,verified,1
ORG_921624759,Bartholomew Selvon Trust,0.6927599668266303,-0.6095617078537595,imitation,1
ORG_843585323,Bartholomew Selvon Foundation,0.7252824009137879,-0.6038735093857589,verified,1
ORG_936812653,Mentor Rock Trust,0.49758164096944923,0.41355984436408044,imitation,1
ORG_472713767,Mentor Rock Foundation,0.5290803178243101,0.4238504643144848,verified,1
ORG_916168368,Memorial Foundation of Justin Brown,0.7153293471935591,0.3040474303144075,imitation,1
ORG_260456660,Justin Brown Memorial Foundation,0.7303807489840772,0.2748978601195337,verified,1
ORG_914334749,Central Education Foundation of Energy Economics Inc,0.4379276758111548,0.7776678351446675,imitation,1
ORG_042726191,Energy Economics Education Foundation Inc,0.4573442189318672,0.7491917722555153,verified,1
ORG_921272092,Circle Nations School Inc,0.595760658725926,-0.5545727601222363,imitation,1
ORG_450431501,Circle Of Nations School Inc,0.5909188828130321,-0.5871189771788295,verified,1
ORG_924374936,Community-Life Enrichment Center,-0.3383778853892009,-0.14116769924434713,imitation,1
ORG_423054216,Community Life Enrichment Center,-0.36959869363728254,-0.15155003688553112,verified,1
ORG_925457111,Educational Foundation of Iccfa,-0.35109154429001516,0.9007237324720445,imitation,1
ORG_202864182,Iccfa Educational Foundation,-0.3633734032691004,0.9310437529169426,verified,1
ORG_910417534,Indy Rarebreed Wrestling Institute,-0.229185832268308,0.01894214698823416,imitation,1
ORG_881215038,Indy Rarebreed Wrestling Academy,-0.20518487543097635,-0.004008970943686363,verified,1
ORG_918214608,Global Association Of Assessing Officers,-0.40099372005424844,-0.7977769172818717,imitation,1
ORG_371623061,International Association Of Assessing Officers,-0.37117643722007737,-0.8122665602778232,verified,1
ORG_922856702,Evaluation Network of Greater Boston Inc,-0.2318457737068986,-0.7440494297126218,imitation,1
ORG_821613884,Greater Boston Evaluation Network Inc,-0.2007526481807545,-0.7551573298523159,verified,1
ORG_925677915,Housing Corporation of Chase,-0.00508757621884087,-0.08835212347213404,imitation,1
ORG_161080510,Chase Housing Corporation,-0.02149722665839706,-0.11697390729857494,verified,1
ORG_924541199,Memorial Scholarship Fund of Ryan Young,0.8078212791488903,0.01016505646660564,imitation,1
ORG_341658391,Ryan Young Memorial Scholarship Fund,0.8383226323155039,0.022543173030816287,verified,1
ORG_926514743,Academy For Jewish Continuity Inc,0.9010822383812422,0.39910215343630534,imitation,1
ORG_455499518,Institute For Jewish Continuity Inc,0.9188276987616428,0.3715392320475244,verified,1
ORG_922485278,Travel Foundation of Blind Inc,-0.7164256559988105,0.31406534997416274,imitation,1
ORG_873855511,Blind Travel Foundation Inc,-0.6957527826931069,0.288557425027734,verified,1
ORG_924507377,Social Work Association of Indiana School,0.3131250823995528,0.531169484905455,imitation,1
ORG_352023112,Indiana School Social Work Association,0.28207483966913466,0.5188056753439609,verified,1
ORG_915663593,American Housing Opportunities of Mountain Inc,-0.17550380986117467,-0.28678801646518026,imitation,1
ORG_581816998,Mountain Housing Opportunities Inc,-0.1826721975486057,-0.3196938703911261,verified,1
ORG_926469909,Memorial Scholarship Fund of Della Weber,0.02759180252038811,0.2256685856052762,imitation,1
ORG_871434832,Della Weber Memorial Scholarship Fund,0.03147422584417718,0.2584869291801168,verified,1
ORG_922979417,United Members Interested of Community,0.8292313410713269,0.2525989592166934,imitation,1
ORG_200914149,Community Members Interested,0.8413545138744764,0.22114215555992262,verified,1
ORG_913256263,Pleasant Boat Association of Greater Point,0.13534228915496938,-0.8770553259724997,imitation,1
ORG_823164153,Greater Point Pleasant Boat Association,0.10367867703301123,-0.8874714313625949,verified,1
