org_id,pc1,pc2
ORG_060646844,0.0737718,-0.1366664
ORG_566049935,-0.11104293,-0.0034649358
ORG_520619000,0.053509086,-0.08034016
ORG_237065623,-0.084801316,0.018760266
ORG_131624060,0.06532699,0.20153272
ORG_203970624,-0.0315261,-0.099192455
ORG_222537423,0.14038643,-0.058929674
ORG_363241033,-0.09210299,-0.021962406
ORG_550638563,0.06338418,-0.113555655
ORG_060972166,0.11157676,-0.012802648
ORG_363490557,0.035257827,-0.13148569
ORG_132720248,0.026868911,0.019995477
ORG_311596262,0.12797958,0.17849635
ORG_222467092,0.067232616,0.028892916
ORG_230053483,-0.1029979,0.0033172297
ORG_610133681,0.045012206,-0.027527157
ORG_270566795,0.01700742,-0.048032124
ORG_815111613,0.0484472,-0.044867475
ORG_382905688,0.13524169,0.3329836
ORG_362167779,0.07667434,-0.059501715
ORG_420951695,0.11083646,0.17476363
ORG_042200583,0.017650291,-0.06752453
ORG_232142644,0.08139708,-0.02512076
ORG_474953714,0.032064594,-0.009401045
ORG_383001876,0.10674287,-0.084137075
ORG_161556654,0.13890913,-0.0295329
ORG_222682421,0.17023276,0.11105017
ORG_462223015,0.052753724,-0.042329878
ORG_112694987,0.08250611,0.07137815
ORG_132505742,0.010066676,-0.0453896
ORG_202059533,0.04255986,0.035119794
ORG_251601146,0.12032532,0.2575287
ORG_010212438,-0.026785253,-0.11696541
ORG_042103830,0.039042663,-0.071118735
ORG_061708088,0.07798766,0.1936861
ORG_541219280,0.006338256,-0.12264565
ORG_581816998,0.058145497,-0.07646604
ORG_261286022,0.05960474,0.08672067
ORG_362469118,0.018427633,-0.16399425
ORG_933574794,0.11188616,0.12757923
ORG_330660845,0.027695827,0.3085071
ORG_113015277,0.024640016,-0.18009304
ORG_841949748,0.07858724,-0.03333507
ORG_570945716,0.113913916,0.17598279
ORG_810960214,0.019576062,-0.041322883
ORG_042260254,0.076599896,0.0606179
ORG_884220122,0.086418174,-0.012051685
ORG_382708513,0.1952767,0.4677713
ORG_461068818,0.081311986,-0.026390804
ORG_135653140,-0.042704474,-0.17793483
ORG_854211960,0.06219874,-0.019824626
ORG_450431501,0.039480887,-0.101707734
ORG_222483963,0.0015363648,-0.14131145
ORG_222978129,-0.09879405,0.2599052
ORG_363151279,0.04557497,0.0015791606
ORG_471284283,0.03945813,-0.15380444
ORG_262266476,0.132066,0.10387983
ORG_231401564,0.11208657,0.296705
ORG_237248316,0.0029021418,0.21354985
ORG_471133466,0.010959999,0.06590361
ORG_133779481,0.18930906,0.051854298
ORG_311353685,0.19641751,0.12141927
ORG_842196750,0.076724865,-0.01697274
ORG_872697692,0.08637005,0.17437024
ORG_232376558,0.056833558,0.16192314
ORG_231386198,-0.100966975,0.3764523
ORG_042736585,0.07168065,-0.06609359
ORG_521711309,0.175332,0.15204844
ORG_522024493,0.057995923,-0.060123153
ORG_232623819,0.1148809,0.31468242
ORG_420819319,0.14874291,0.24710996
ORG_237414779,-0.0039046956,0.23651451
ORG_351964901,0.02506553,-0.10968434
ORG_362317610,-0.010362638,-0.065415055
ORG_883352646,0.0041448358,-0.074547514
ORG_223219499,-0.12075773,-0.031064792
ORG_541110133,0.024997527,0.004976035
ORG_902797500,0.10256292,-0.026850378
ORG_111681671,0.055978086,-0.09673251
ORG_550527698,0.04990009,0.27691653
ORG_132938964,0.043902222,0.1671011
ORG_010214017,0.021009985,-0.101832196
ORG_350886981,-0.09392063,0.31677172
ORG_251534235,-0.05090594,0.033997994
ORG_844963090,0.0112815155,-0.12972838
ORG_237271852,0.026839875,0.43881077
ORG_473373953,0.122611314,-0.105543055
ORG_346570431,-0.017039763,-0.09959699
ORG_202918958,-0.013203131,-0.12829973
ORG_231915333,0.017153256,0.24533147
ORG_453435623,0.067148104,-0.091856234
ORG_251869408,0.005225347,0.076053694
ORG_562105879,0.02848233,-0.061625086
ORG_133768443,-0.010025471,-0.12521045
ORG_550727794,0.04798357,-0.007941464
ORG_842022262,0.112039536,-0.17243876
ORG_271530388,0.042163763,-0.15452011
ORG_263317656,0.004738067,0.029125826
ORG_854287652,0.023713727,-0.091189235
ORG_800193059,-0.0153536275,-0.16444752
ORG_611692051,0.049522787,-0.09976646
ORG_832008634,0.046726733,-0.0845804
ORG_833893394,0.02432008,-0.0916879
ORG_453576912,0.02424957,0.044053115
ORG_156000829,0.026307,-0.13445619
ORG_133949950,0.096012324,-0.22224966
ORG_411926728,-0.004874506,-0.13706425
ORG_331037188,-0.0042821276,0.040145226
ORG_350874281,-0.047745995,0.2658966
ORG_454103159,-0.20709789,0.043931413
ORG_060845763,0.037097376,-0.04674986
ORG_273083994,-0.0153495055,-0.035188198
ORG_311237943,-0.041062884,-0.1226173
ORG_382165556,0.099706866,0.23818247
ORG_020272095,0.045382123,-0.07584731
ORG_814532089,0.02134212,0.16138974
ORG_261120263,-0.03721295,-0.1085788
ORG_237390594,0.0842618,-0.06422429
ORG_275051293,-0.024415925,-0.049684327
ORG_472005512,0.035930272,0.06007104
ORG_200384120,0.117267095,0.18121582
ORG_562630579,0.09445557,0.17796181
ORG_471676099,0.080797486,-0.04841759
ORG_363496537,0.051718913,0.0029026838
ORG_412275163,-0.20734558,0.03808517
ORG_204002778,0.030846404,-0.013350643
ORG_815481313,0.060246658,0.050128702
ORG_842207453,-0.123053625,-0.023500701
ORG_833486824,-0.012406331,-0.08411312
ORG_262902518,0.14121318,0.24084188
ORG_510172078,0.04241908,-0.17407683
ORG_113658144,-0.011548805,-0.10950029
ORG_273710500,0.056116603,-0.03673016
ORG_452351381,0.08171415,-0.04961054
ORG_521704037,0.075308934,0.24739997
ORG_520848408,0.056107122,0.019302942
ORG_320082431,0.03432212,0.15674625
ORG_042997446,0.0044910484,-0.1122142
ORG_411384426,0.06001624,0.041003443
ORG_452838281,0.079503514,0.217913
ORG_455428563,0.060123585,-0.015362112
ORG_371849864,0.1948868,0.12997538
ORG_811191987,0.074759014,0.20495486
ORG_844687278,0.040089693,-0.049480464
ORG_922845339,0.029028723,-0.04252412
ORG_823282038,0.05915308,0.18571883
ORG_561688330,-0.04904232,0.006112199
ORG_510251655,-0.031024665,-0.027450223
ORG_222452625,0.029101571,-0.042232238
ORG_416001474,-0.042442303,-0.08936552
ORG_100001184,0.05759745,-0.0060282047
ORG_450339622,0.077306814,0.20227706
ORG_061493789,0.07419915,-0.010678822
ORG_931230642,0.055415645,-0.059029527
ORG_351978023,0.007922743,-0.074792035
ORG_680657235,0.102813184,-0.037374932
ORG_463243346,-0.33274823,0.02878994
ORG_232879316,0.12348224,-0.05988231
ORG_421476116,-0.12030317,-0.032866437
ORG_540898392,-0.0600105,0.035675436
ORG_843835735,0.0229728,-0.12211942
ORG_842279408,0.007470684,-0.026647879
ORG_454268893,0.11077164,0.15857857
ORG_166091701,0.06684444,-0.022329241
ORG_473828447,-0.017722728,-0.059489094
ORG_510201464,0.004460532,-0.038969312
ORG_452997389,0.00096452545,-0.26593396
ORG_060734484,0.11594935,-0.13011424
ORG_811287290,0.09922944,0.27324983
ORG_990735985,0.05595411,-0.067370474
ORG_113283268,0.08283017,0.15289418
ORG_473164801,0.10983918,0.19281924
ORG_202864182,0.0153842,-0.15306245
ORG_262827004,-0.27661923,0.014564587
ORG_314380038,0.080450326,-0.04085496
ORG_311604759,0.023014687,-0.061532132
ORG_112254468,0.057304483,-0.016675474
ORG_474405178,0.13698271,0.17745505
ORG_844773729,0.08919961,0.20132133
ORG_521845000,0.077227496,-0.018227303
ORG_510163232,0.11135386,-0.09079241
ORG_133922718,0.026202573,-0.08763648
ORG_273539636,-0.16004555,0.016812423
ORG_042199875,-0.01980016,-0.0841408
ORG_363498610,0.07942589,-0.03766607
ORG_271849119,-0.0555064,-0.07470873
ORG_061462952,0.06655584,-8.289627e-05
ORG_472547128,-0.041693922,-0.053218722
ORG_411782426,-0.01860419,0.08996055
ORG_382367318,0.04990119,-0.10737189
ORG_540932392,-0.04616787,0.2223815
ORG_570856625,0.02075277,0.03307591
ORG_461191367,-0.018151334,-0.08200028
ORG_010708152,-0.22646432,0.06743467
ORG_237303789,0.07834064,-0.06765983
ORG_363364115,-0.1046916,-0.061474204
ORG_461371507,0.04725835,-0.21394637
ORG_363923384,-0.015201806,-0.15558665
ORG_814505454,0.11872361,0.17548285
ORG_264206949,-0.08060177,-0.034337115
ORG_363283081,-0.08289065,0.32559398
ORG_116016169,-0.08819544,-0.0013115002
ORG_237420526,0.07511004,0.06202662
ORG_540368118,0.06242427,0.024527527
ORG_581928259,0.040070985,-0.03261907
ORG_222699876,0.05311225,0.08718868
ORG_222584082,0.06468622,-0.09010289
ORG_582009179,0.12455119,-0.035372365
ORG_932615519,-0.02290623,-0.07634491
ORG_262464627,0.0058559175,-0.05496339
ORG_481122451,0.04898027,-0.120105036
ORG_883416769,0.12556934,0.2762798
ORG_992570600,-0.22249542,0.055482928
ORG_310670449,0.043802656,0.032153144
ORG_060958573,-0.008731524,-0.112772584
ORG_411607576,-0.060337212,-0.14615259
ORG_852167776,0.01750838,-0.119706646
ORG_550867133,0.038107097,-0.04950203
ORG_391368949,0.006618394,0.32516745
ORG_900967936,0.16293097,0.32684872
ORG_362695787,0.016273348,-0.02368432
ORG_411738096,0.1376559,0.0071464046
ORG_223183508,-0.013471225,-0.0037516705
ORG_411816147,-0.0054464582,-0.010782617
ORG_010742567,-0.02653855,-0.099482425
ORG_871670487,-0.10393075,-0.056580033
ORG_520888272,0.06361905,-0.07408546
ORG_264690726,0.02546425,-0.0044199224
ORG_200406633,0.040682696,0.0149006415
ORG_462841985,0.017112995,-0.05554165
ORG_561837740,-0.017399052,-0.010167668
ORG_841655629,-0.118652746,0.022783663
ORG_363832624,0.046174593,-0.23086844
ORG_992764894,-0.1211956,-0.041953843
ORG_550657793,-0.0053145993,-0.026099537
ORG_264618694,0.020286605,-0.015537895
ORG_362896999,-0.06739872,-0.18146384
ORG_833414476,-0.010863235,0.048380297
ORG_046004711,0.03432065,-0.038866132
ORG_371433558,-0.39264435,-0.029601991
ORG_560480227,0.01201216,-0.011372952
ORG_010527789,0.05113114,-0.0958102
ORG_137230522,-0.024190065,-0.117565274
ORG_161080510,0.09977973,-0.051724546
ORG_475466505,0.035422772,-0.10900124
ORG_882386593,0.138025,-0.015524244
ORG_923282413,-0.08288692,0.051244263
ORG_205518229,0.037716474,0.20025359
ORG_873372236,-0.037425224,-0.00027032298
ORG_274395371,-0.0389064,-0.077098034
ORG_883225438,0.052451883,0.06134876
ORG_862428511,0.058625672,-0.03338249
ORG_880614802,0.090299234,0.02338917
ORG_310928020,-0.14523718,0.024365986
ORG_922696949,0.008157896,-0.0858251
ORG_042453627,0.028395645,-0.13001208
ORG_521404497,0.00077680376,0.09282687
ORG_391785071,0.05763155,0.007852641
ORG_396083749,-0.15438385,0.042855255
ORG_311630212,-0.021224702,-0.13942394
ORG_874568162,0.12727389,0.29904076
ORG_222567771,0.0056092828,-0.13973448
ORG_222215054,-0.013415045,0.013376678
ORG_030362871,-0.0047219936,-0.062031236
ORG_470661418,0.09634822,0.18798141
ORG_364393600,0.06927836,-0.118131354
ORG_454972377,-0.01625731,-0.054287072
ORG_205391726,0.024245821,0.054002378
ORG_260007210,0.08690835,-0.04153152
ORG_871539023,0.0015136488,-0.061339486
ORG_232944973,0.0029136734,-0.13222183
ORG_843343070,0.094950765,0.048827898
ORG_043399927,0.14125524,0.16993456
ORG_222797177,-0.03395173,-0.040493455
ORG_060991646,-0.078058705,0.02872668
ORG_133707563,0.068596944,-0.13794157
ORG_261987732,0.0326932,-0.05080004
ORG_203398037,0.033755377,-0.06347562
ORG_454385668,0.085434124,0.31276476
ORG_043269615,0.05977696,-0.065680124
ORG_813246571,0.0046075922,-0.016127283
ORG_260158521,0.04772445,-0.082560256
ORG_474246125,-0.037764516,-0.058392327
ORG_823335113,-0.006086224,-0.068154395
ORG_364491491,-0.0026659484,-0.05495741
ORG_112489462,0.0026793827,0.047430564
ORG_871821773,0.17082575,0.21191378
ORG_391373112,-0.13836259,0.08145168
ORG_464301063,-0.24383754,0.0048067034
ORG_411462376,0.0012085618,-0.045868754
ORG_850922929,-0.004171203,-0.20702367
ORG_884101480,0.14279763,0.21553788
ORG_271234120,-0.07415698,-0.11481752
ORG_311202451,0.029005565,-0.09290723
ORG_341328014,0.07823486,0.05636215
ORG_411640340,0.051844485,-0.035454884
ORG_743217479,-0.039586294,-0.14299886
ORG_364185952,-0.000605087,-0.07134167
ORG_330689040,0.09635054,-0.06821398
ORG_611388109,0.12857977,0.2280567
ORG_454878288,-0.07412425,0.03338389
ORG_202048638,0.023100162,-0.05828869
ORG_300749639,0.054872528,0.015437865
ORG_223658504,-0.09054624,-0.075216204
ORG_872402543,-0.18804061,-0.07404415
ORG_416080057,-0.02812188,-0.01414433
ORG_821996403,0.0022182057,-0.03085361
ORG_465017871,0.034604903,-0.09217909
ORG_841836007,0.030509355,-0.07638468
ORG_873855511,0.11310556,0.13050981
ORG_611935158,0.07262808,0.0051320554
ORG_883916592,0.064905785,0.15790085
ORG_341329728,0.010146257,-0.016797908
ORG_561287954,0.12489536,0.099471055
ORG_363259666,0.05468962,-0.058987338
ORG_994981721,0.01606538,-0.034376536
ORG_815414937,0.061765224,0.2917621
ORG_825485433,0.095588885,0.0015534869
ORG_556016701,-0.01779455,-0.16767238
ORG_383852071,0.18460232,0.42507184
ORG_825026740,-0.008308621,-0.03562504
ORG_205217564,0.09554175,0.21971326
ORG_825231485,0.055965554,-0.013112382
ORG_300995806,0.09441123,0.20555878
ORG_475005502,-0.11005772,-0.060374897
ORG_391931689,0.016720189,-0.01539561
ORG_270821447,0.06319954,-0.2590125
ORG_274019881,0.012343917,-0.0334711
ORG_901016178,0.04342061,-0.0637383
ORG_223832741,-0.15174098,0.012321606
ORG_066013384,-0.02588355,-0.026542017
ORG_233075659,0.039041884,-0.14465848
ORG_300246447,0.039900452,-0.025690185
ORG_880716533,-0.015572975,0.06809443
ORG_222750814,-0.033142224,0.003510242
ORG_472833230,-0.10572306,0.017999966
ORG_421253180,0.12961085,0.21840367
ORG_222935986,-0.0048471214,-0.13341792
ORG_042917821,0.008467004,-0.010471987
ORG_883955199,0.0360065,-0.2104359
ORG_823631438,0.030720735,-0.049059913
ORG_455499518,-0.017093685,-0.041244913
ORG_830392410,0.027565539,-0.039525736
ORG_471028481,0.028446216,-0.020873314
ORG_464194489,-0.06544423,-0.019226374
ORG_270265867,-0.051352583,-0.011566922
ORG_226047101,0.056756705,-0.06347624
ORG_831109636,0.07744333,-0.09013053
ORG_041383404,-0.031137487,-0.043548852
ORG_391652422,-0.0038385564,-0.024132343
ORG_264690017,0.13053213,0.11460695
ORG_863525133,0.06481358,-0.05628704
ORG_561380816,-0.0024808005,-0.1077643
ORG_460964759,-0.03564302,-0.18120739
ORG_881247123,0.0041467086,0.057542812
ORG_300097419,0.048954174,-0.058443896
ORG_141730723,0.12979218,0.17171976
ORG_570955900,0.018157583,-0.30762783
ORG_464972001,0.0794697,0.08064553
ORG_382790490,0.016728388,-0.030446729
ORG_825510172,0.14027983,0.16312064
ORG_521974885,-0.09024387,-0.10661844
ORG_061208499,0.04611765,-0.062208496
ORG_362672201,0.040145215,0.24386828
ORG_237155690,0.022623483,-0.060680304
ORG_113553485,0.03119688,-0.08424651
ORG_262918949,0.0141562475,-0.082400315
ORG_300195592,0.0315991,-0.16384292
ORG_390447789,0.05638515,0.05432668
ORG_273755977,0.037182443,-0.12977193
ORG_900810110,0.013376151,-0.17567919
ORG_841908369,0.11765842,0.14994678
ORG_134092123,-0.04783874,-0.061763555
ORG_472125384,0.063534185,-0.10707389
ORG_821475066,0.08257036,0.19759975
ORG_611400316,0.039670836,-0.031319052
ORG_412504700,0.08559278,0.22574751
ORG_333142305,0.02662334,0.004565967
ORG_833996933,-0.047401045,-0.06288384
ORG_232273337,-0.048267804,-0.14699706
ORG_331352336,-0.2027626,-0.012650117
ORG_391934034,-0.08920227,0.058273915
ORG_463564365,0.022407884,-0.18577877
ORG_262418224,0.015321378,-0.1050968
ORG_824770407,0.008415769,-0.012875024
ORG_223934120,0.05663842,-0.12187923
ORG_223505831,0.027949808,0.050045673
ORG_934015942,-0.03576411,-0.048181377
ORG_541833299,-0.05485564,-0.004543055
ORG_204423030,-0.028327072,-0.09775431
ORG_133039588,-0.28205687,0.036698755
ORG_260840659,0.088512965,0.17720069
ORG_843875323,-0.12580808,-0.003712057
ORG_562102527,0.014319624,-0.006153397
ORG_472992470,0.051624365,-0.10175514
ORG_900987155,0.08409545,0.14612998
ORG_452779311,0.06902491,-0.099136055
ORG_146080109,0.041360673,-0.027553739
ORG_271497087,0.010187317,0.06596217
ORG_874836529,0.021951117,-0.15144144
ORG_455566438,-0.008408566,-0.09603564
ORG_932202705,0.0042039477,-0.07236759
ORG_333643547,0.062067065,-0.19922063
ORG_300171048,0.0085245725,-0.101427585
ORG_800249854,0.09885003,-0.058523946
ORG_815073736,0.0029626624,-0.048165165
ORG_464091927,-0.04730737,-0.123864435
ORG_133858884,0.030446446,-0.15207057
ORG_205758511,0.015981104,-0.051106237
ORG_842164785,0.023584923,-0.039380156
ORG_263928774,0.103390746,-0.040114705
ORG_320144731,-0.07344088,-0.036558494
ORG_920513300,0.07875398,0.12293899
ORG_522289797,0.013987215,-0.13993295
ORG_263720346,0.08911169,-0.038277708
ORG_264758944,-0.005473958,-0.12196031
ORG_264840272,0.08778328,-0.09946918
ORG_271153006,-0.032121897,-0.034382727
ORG_271211718,0.055480525,-0.05690323
ORG_271315889,0.074299864,-0.061452113
ORG_262996572,0.052820064,0.013211409
ORG_271425339,0.11975815,0.17776643
ORG_271500338,0.040617313,-0.14410992
ORG_272359833,0.06228474,-0.06188421
ORG_262304222,-0.022919368,-0.03421462
ORG_272853497,0.042316914,0.25683725
ORG_995113050,0.07973766,0.22207862
ORG_273675662,0.103088915,0.28365096
ORG_237029745,0.0028128868,-0.040160615
ORG_274582946,0.06433155,0.023937456
ORG_261496209,0.02019269,-0.049327713
ORG_300234729,-0.029578729,-0.030009763
ORG_300353431,0.023913585,0.0119692935
ORG_300447996,-0.8360035,0.21551107
ORG_300450069,-0.292985,0.07552115
ORG_300587148,0.008331547,-0.05276723
ORG_300590853,-0.23263119,-0.006439591
ORG_300614813,-0.030624524,-0.001960631
ORG_300983306,0.03689564,-0.12911119
ORG_301018819,0.17566682,0.25183213
ORG_260129495,0.03577295,-0.08481541
ORG_310952843,-0.102587186,-0.03951932
ORG_233027241,0.115080066,0.2411347
ORG_233021691,0.032285664,-0.06991689
ORG_237360150,0.051596843,-0.055727348
ORG_311676030,-0.035398997,0.0042544594
ORG_311680156,0.035370804,-0.05007911
ORG_311682748,0.014680721,0.013030119
ORG_237253632,0.069760844,-0.028511934
ORG_232760073,-0.0112151615,-0.11446719
ORG_320124755,-0.4007753,0.06297205
ORG_320201937,-0.59128594,0.17046165
ORG_320220018,-0.8360035,0.21551107
ORG_320248525,-0.056651276,-0.025453284
ORG_320248462,-0.221931,0.09519887
ORG_320497898,-0.8360035,0.21551107
ORG_320515763,-0.007873245,-0.06331232
ORG_320720294,-0.28287435,-0.18632294
ORG_331184379,0.03994707,-0.048480168
ORG_331237831,-0.08601271,0.028658751
ORG_331267867,0.026833307,-0.044627838
ORG_331543608,0.046735972,0.14359206
ORG_331667859,0.08394475,0.15391022
ORG_331737008,0.09878296,-0.10221202
ORG_331788418,-0.031378623,-0.11182532
ORG_332031862,0.027530996,-0.072819054
ORG_332377616,0.035247054,-0.11842845
ORG_331107104,0.06009794,0.31460077
ORG_331122784,0.027081061,0.07771421
ORG_334178051,-0.04493877,-0.0005352501
ORG_334586913,0.07865747,0.095629886
ORG_334660383,0.037550755,-0.01040569
ORG_334672551,-0.019481625,-0.114781946
ORG_334744752,0.107718825,0.12707451
ORG_334942502,-0.4007753,0.06297205
ORG_335019294,0.18552719,0.17660503
ORG_335064813,0.06738278,0.15215348
ORG_237149869,-0.0081627965,0.010626487
ORG_232106161,0.12561232,0.29699388
ORG_341632568,0.07901315,-0.006589007
ORG_341658391,-0.1360337,-0.08964213
ORG_341946892,-0.48732674,0.07099636
ORG_273275906,0.04930356,0.20211779
ORG_351139393,-0.0032815605,-0.001254255
ORG_208754447,0.04438995,-0.16380616
ORG_226045788,-0.06985497,0.0075072967
ORG_208527803,-0.48732674,0.07099636
ORG_351942141,0.09633993,0.22407793
ORG_334075217,0.023335157,-0.026944418
ORG_352023112,-0.021534866,-0.11459899
ORG_334122724,-0.06341873,-0.073803596
ORG_352103503,0.05036827,-0.06500371
ORG_352344586,-0.032190338,-0.1008512
ORG_208068312,-0.28287435,-0.18632294
ORG_223725235,0.060198043,0.03508609
ORG_356499614,0.026689505,0.05864318
ORG_223613475,-0.021642512,-0.017048793
ORG_223460471,0.0065862695,-0.2390909
ORG_205345678,0.070605755,-0.24360175
ORG_223349446,-0.034296576,-0.086498596
ORG_205119431,-0.28238124,-0.032871377
ORG_223222745,-0.0076276585,-0.25858906
ORG_363548503,-0.011675916,-0.07550439
ORG_363653203,-0.04363639,0.0021525312
ORG_363733520,-0.09073178,-0.10683734
ORG_363886738,-0.009985764,-0.068454996
ORG_364532949,0.03101954,0.2733154
ORG_364605936,-0.022848442,-0.07791149
ORG_364619286,-0.8360035,0.21551107
ORG_364760396,0.08415847,0.12190716
ORG_364815029,0.019824695,-0.08826394
ORG_364878692,-0.18684295,-0.026075512
ORG_366108056,0.03739331,-0.05239082
ORG_203240536,-0.30395538,0.07271746
ORG_203055691,-0.08816595,-0.03408992
ORG_222832513,-5.0560506e-05,-0.0024872972
ORG_352657719,0.0051547335,-0.115291566
ORG_371403813,-0.28287435,-0.18632294
ORG_371545544,-0.8360035,0.21551107
ORG_371553905,-0.8360035,0.21551107
ORG_371555378,-0.8360035,0.21551107
ORG_371566494,-0.020173093,-0.11646977
ORG_371586812,-0.061975207,-0.028960288
ORG_371632661,-0.8360035,0.21551107
ORG_371623061,0.013002593,-0.11422514
ORG_371735850,0.086749375,-0.015200431
ORG_371763242,0.019824697,-0.08826393
ORG_371949144,0.15216129,0.20191365
ORG_376045364,-0.14982423,-0.08026697
ORG_382115052,0.029101571,-0.042232238
ORG_382154407,0.15376234,0.2929994
ORG_201095695,-0.00041579365,-0.12251034
ORG_364832337,-0.032126296,-0.16588074
ORG_200914149,-0.00391779,0.048880734
ORG_382500182,-0.50951236,0.02091362
ORG_364995106,-0.056996223,-0.098022655
ORG_382675898,0.017647324,-0.05378314
ORG_382898492,0.053613108,-0.049804393
ORG_382964397,0.038113095,-0.26633233
ORG_383038947,-0.50951236,0.02091362
ORG_371633122,-0.02832629,-0.1665414
ORG_383356854,-0.058242008,0.02664521
ORG_383445405,0.06277344,-0.010819359
ORG_221662758,0.00671131,-0.028011091
ORG_372103769,0.038920213,-0.025794053
ORG_134205173,0.021998225,-0.15233962
ORG_208264861,-0.016956197,-0.09988301
ORG_390957756,-0.18758613,0.047474712
ORG_111947212,-0.018216543,0.0066910186
ORG_061817315,0.028013842,-0.16570942
ORG_391434759,-0.8360035,0.21551107
ORG_391445503,0.03739331,-0.05239082
ORG_391834261,0.084080756,-0.060522877
ORG_391488046,-0.8360035,0.21551107
ORG_391567470,-0.8360035,0.21551107
ORG_391576654,0.019824695,-0.08826394
ORG_391665990,-0.8360035,0.21551107
ORG_050535410,-0.35976216,0.10650636
ORG_391752652,-0.8360035,0.21551107
ORG_392035086,-0.8360035,0.21551107
ORG_392061502,-0.8360035,0.21551107
ORG_392087607,0.12031247,0.15180555
ORG_392685252,0.11023202,0.13626026
ORG_393059755,0.0069841426,-0.21446836
ORG_030534683,-0.15783863,0.002192295
ORG_393754188,0.061579153,-0.21796593
ORG_394634614,0.044598665,-0.1360213
ORG_394757026,0.059438396,0.10743993
ORG_395015869,0.08954832,0.07818062
ORG_392663386,0.067439474,0.03955303
ORG_030402329,0.06345488,-0.025405325
ORG_202446561,-0.054881096,-0.011402359
ORG_202383109,-0.03204532,-0.0742972
ORG_202336674,0.009435325,-0.1353466
ORG_411263000,0.00983714,0.01380367
ORG_010936079,0.12071441,0.13904226
ORG_010654909,-0.22780421,0.03376907
ORG_393206421,-0.022575798,-0.11924306
ORG_411674546,0.06140427,0.12839366
ORG_411722202,-0.020864386,0.03244371
ORG_237547199,0.1114117,-0.03261727
ORG_411821299,0.03868294,-0.017715873
ORG_411853079,-0.0010502923,0.017069131
ORG_994099489,0.03814601,0.024224218
ORG_411958485,-0.017007932,-0.049036436
ORG_413078813,-0.11547528,-0.07234733
ORG_416037652,0.017477525,0.009297583
ORG_420720025,0.010192458,0.021551657
ORG_393367521,-0.095294386,-0.13393983
ORG_992606434,-0.18869069,0.075384505
ORG_421123792,0.086749375,-0.015200421
ORG_421365112,0.086749375,-0.015200421
ORG_991421114,0.035570476,-0.085083194
ORG_421443044,0.03776795,-0.0448055
ORG_421521955,0.059126537,0.1357048
ORG_423190410,-0.01357596,-0.17150572
ORG_990822645,-0.3093034,0.036899775
ORG_990729820,-0.104583405,-0.035849463
ORG_990596362,0.029556409,-0.053630188
ORG_436093181,0.086749375,-0.015200421
ORG_450331046,0.03534576,-0.043215703
ORG_934834192,-0.010343963,-0.080494866
ORG_451599981,0.04225206,-0.10560413
ORG_451925638,-0.009336722,-0.045807775
ORG_452105782,0.08068135,-0.105497435
ORG_452635723,0.11331854,0.40074638
ORG_237538894,0.01308363,0.049700115
ORG_933723468,0.04831122,-0.0035422912
ORG_933603267,0.100839525,0.19295469
ORG_454016821,0.085884884,0.23483722
ORG_933294555,0.07252957,0.2687584
ORG_454616785,0.09208036,0.21405378
ORG_933219755,-0.22489935,-0.018419363
ORG_454848941,-0.1578846,-0.025536714
ORG_455481471,0.042731166,-0.046527408
ORG_460357190,-2.2350401e-05,-0.046521932
ORG_460578779,-0.029025003,-0.032682154
ORG_931440524,-0.029369751,-0.018587533
ORG_931438680,0.00822439,-0.013577606
ORG_461456961,0.06601169,0.24722373
ORG_462120124,0.0358623,-0.049820237
ORG_922775761,0.052623834,-0.0795538
ORG_462983110,-0.011375361,-0.07363686
ORG_463165808,0.102188304,-0.021780534
ORG_922008851,0.045019023,-0.032393925
ORG_463677088,0.006039269,-0.06743537
ORG_464502322,0.039859064,0.007394406
ORG_464619366,-0.010880244,-0.17731111
ORG_464680045,0.024116626,-0.05081142
ORG_464805537,0.051664032,-0.057061873
ORG_921016680,-0.033126064,-0.039990745
ORG_464840584,0.13787134,0.08720404
ORG_465089008,0.021231964,-0.071915165
ORG_465436288,-0.019129964,-0.12401573
ORG_465480260,-0.04100759,-0.034431502
ORG_920554153,0.09205654,0.21603404
ORG_920471025,-0.014171844,-0.11362054
ORG_920379920,0.024779059,-0.007662605
ORG_911833985,0.025349434,-0.01398684
ORG_470748594,0.04926179,-0.26931426
ORG_900932437,0.06876159,-0.051032685
ORG_900911343,0.055517178,0.15097213
ORG_470956579,-0.48732668,0.07099635
ORG_471368514,0.09920992,0.11939526
ORG_900332026,0.03163047,0.038084358
ORG_471876673,-0.004491232,-0.14823738
ORG_472000896,0.12084424,0.2956359
ORG_472258194,0.13410126,0.2826574
ORG_472356512,-0.10175367,-0.054407116
ORG_472457423,0.11762199,0.10858693
ORG_472476774,-0.038146958,-0.16045812
ORG_472905072,-0.18684295,-0.026075507
ORG_473231216,0.07604315,-0.08646423
ORG_473383524,0.026212845,-0.073834844
ORG_473671590,-0.12274852,-0.07082819
ORG_473978799,-0.24525525,0.035780072
ORG_474634954,0.008463268,-0.09947372
ORG_474751532,-0.21754435,0.036937304
ORG_475070447,0.010853278,-0.22923411
ORG_475203068,-0.030975068,-0.004255918
ORG_475324778,0.07637029,-0.06270361
ORG_475370236,-0.21492042,-0.028954772
ORG_475553838,0.018372409,-0.055677332
ORG_476026094,0.03739331,-0.05239082
ORG_880914293,0.017431006,0.05126837
ORG_874414705,-0.02916691,-0.22078505
ORG_874193718,0.16341075,0.13700657
ORG_133877923,0.070302315,-0.22717735
ORG_510667165,0.06734845,0.28792477
ORG_873830472,0.09425639,0.19715053
ORG_133608977,0.11736647,0.33622354
ORG_133587245,-0.05649968,-0.015132864
ORG_521052470,0.103748776,-0.0783181
ORG_872756845,0.017613944,-0.07156897
ORG_872604052,-0.028782334,-0.15215266
ORG_871786471,0.072307356,0.2153176
ORG_521432995,-0.021659687,-0.09388281
ORG_521580860,-0.045228593,-0.08530035
ORG_521645117,0.03343699,-0.02774327
ORG_116077398,0.03119688,-0.08424651
ORG_863401416,0.08734456,0.22587363
ORG_863307113,-0.060781084,-0.0467158
ORG_522126089,-0.18684295,-0.026075507
ORG_522126093,-0.18684295,-0.026075507
ORG_522169478,-0.05913489,-0.09966005
ORG_862653491,-0.16288373,0.000538444
ORG_541021834,-0.0045707235,-0.07003671
ORG_112926319,0.060169525,-0.0128449
ORG_853992718,0.042669084,0.017491318
ORG_413894298,-0.03559263,-0.0679531
ORG_414502891,0.00077327265,-0.12430115
ORG_542025312,0.018117005,-0.06698813
ORG_414866268,-0.2767198,0.0010869448
ORG_851144038,0.038682643,-0.034073953
ORG_851008046,0.030399706,-0.04193329
ORG_066068891,-0.011675916,-0.07550439
ORG_850587097,0.032514066,0.15405934
ORG_845122063,-0.19598839,-0.057679497
ORG_550688911,0.022190439,-0.08252508
ORG_844970371,-0.16909735,0.019521227
ORG_844871419,-0.15163046,0.013531964
ORG_550767844,-0.0011871915,-0.07568873
ORG_066042524,0.041982796,-0.07984287
ORG_843211384,0.11173438,-0.19503587
ORG_561678839,-0.028688136,-0.15554167
ORG_061316627,0.035240322,-0.01765493
ORG_842938691,0.05228812,-0.10135361
ORG_432013922,0.06306435,-0.074605234
ORG_842459597,0.122206114,0.25513402
ORG_271039622,0.08958707,0.15398395
ORG_834669756,-0.01244325,-0.01996714
ORG_832915738,0.03014198,-0.060821515
ORG_832549383,0.094195664,0.20710517
ORG_832470933,-0.018054103,-0.13546725
ORG_582115472,0.06776004,0.007949763
ORG_611195659,0.016481355,-0.15195292
ORG_611206162,0.056402575,-0.066377684
ORG_611328609,-0.008729347,-0.14456809
ORG_611871313,0.019856364,-0.043662515
ORG_611974134,0.06521062,-0.054107573
ORG_651230006,0.1585611,0.2535067
ORG_651296049,-0.014284418,-0.1390907
ORG_651309886,0.10131147,0.18748868
ORG_680516051,-0.8360035,0.21551107
ORG_743168384,-0.8360035,0.21551107
ORG_743208438,-0.8360035,0.21551107
ORG_743259458,0.04809291,-0.06138076
ORG_043411945,-0.0041480474,-0.075581826
ORG_800197746,0.03739331,-0.05239082
ORG_823419897,0.016015137,-0.12165742
ORG_800359804,-0.50951236,0.02091362
ORG_800388299,-0.48732668,0.07099635
ORG_823293250,0.016379407,-0.059700787
ORG_260271018,0.0032531049,0.005552057
ORG_800583906,-0.29117933,0.034092788
ORG_800626308,-0.28287435,-0.18632294
ORG_823164153,-0.028286226,0.0071420926
ORG_800684508,0.083719335,0.19688824
ORG_800731437,0.011708278,0.029836811
ORG_810607639,0.114371225,0.06216979
ORG_810855076,0.0036165405,-0.15493308
ORG_811122817,0.0756407,0.18466774
ORG_811200552,0.07122827,0.21145092
ORG_260456660,0.11676883,0.17658886
ORG_811674701,0.087125815,-0.10453361
ORG_811677910,-0.17918079,-0.07119918
ORG_270606973,0.030761745,0.00287345
ORG_812693372,0.05353374,-0.04184638
ORG_821613884,0.120253235,-0.062090386
ORG_821497375,0.11253958,-0.034137778
ORG_821469026,0.055741783,-0.061609525
ORG_813429468,0.03469668,-0.09183157
ORG_820925930,0.116626695,0.20168394
ORG_814192775,-0.028722253,-0.08550333
ORG_814462448,0.005224522,-0.14130735
ORG_043095401,0.03855406,-0.02318285
ORG_814625704,-0.040257916,-0.015643926
ORG_815109948,-0.0077196644,-0.11087173
ORG_815212689,0.021980131,0.009199893
ORG_815393250,0.046508662,0.16618095
ORG_820598790,0.022596559,-0.09814664
ORG_261086798,0.12385574,0.21966124
ORG_821019008,0.068454094,-0.09095828
ORG_821036933,0.008864381,-0.08930297
ORG_821420999,-0.18264684,-0.006070643
ORG_821615621,0.04208445,-0.09419184
ORG_821691702,0.0016608431,-0.16481707
ORG_822230278,-0.25257322,0.016831314
ORG_822435395,0.114845045,0.17495619
ORG_822487495,0.017659986,-0.011038769
ORG_822614201,0.10000629,0.19355491
ORG_261297475,0.018608196,-0.049505502
ORG_823113135,-0.03673648,-0.14856741
ORG_042726191,-0.0057663256,-0.19100301
ORG_823637480,0.08355689,-0.109798074
ORG_812780081,0.06309565,-0.19424145
ORG_823765799,0.030562945,0.028464312
ORG_812551081,-0.047864977,-0.07712503
ORG_824400720,0.1430557,0.28579766
ORG_824567096,-0.023006054,-0.12500288
ORG_824606424,0.09757073,0.15364265
ORG_824686032,-0.18290716,-0.05885005
ORG_825186340,-0.03887082,-0.061473552
ORG_825343975,0.10199589,0.25581157
ORG_825465781,0.03739331,-0.05239082
ORG_830541437,0.1463467,0.1683924
ORG_830588063,0.048818696,-0.061423775
ORG_811389819,0.10626454,0.26725262
ORG_830636814,-0.03366839,-0.15304676
ORG_830869420,-0.24670573,0.011473251
ORG_811165470,-0.025619084,-0.09536445
ORG_261537451,-0.48732677,0.07099636
ORG_810953304,0.026672369,0.0046152845
ORG_831308796,-0.12800461,0.029500278
ORG_453955789,0.011765503,-0.05175867
ORG_831438893,-0.0077321907,-0.14465381
ORG_831637501,0.0614632,-0.1517252
ORG_810620227,0.11696659,0.24885894
ORG_832010667,0.09988928,-0.14089525
ORG_832020952,0.04407183,-0.05212571
ORG_832041180,-0.08874618,-0.11704329
ORG_832745336,0.06409922,-0.1261258
ORG_833374206,0.026314143,-0.07823336
ORG_834331282,0.089163564,0.16502365
ORG_841747760,0.1114117,-0.03261727
ORG_841801485,0.11998304,0.24862263
ORG_842196346,-0.0100739235,-0.08712136
ORG_842498529,0.05191771,-0.0654097
ORG_262072106,-0.057944227,-0.1627259
ORG_842890307,0.034134056,-0.18568315
ORG_843000986,-0.02475177,-0.07480735
ORG_611786875,0.14711542,0.14115085
ORG_843131427,0.016859015,-0.14623629
ORG_843140712,0.11336087,0.28097126
ORG_237138678,0.012096236,-0.013648091
ORG_843404939,0.04555882,-0.16562209
ORG_843585323,-0.110051334,-0.06205636
ORG_843879081,0.014351917,-0.1244288
ORG_843923896,0.10684682,0.24178803
ORG_844409476,-0.48732668,0.07099635
ORG_562663114,0.038122706,-0.020413827
ORG_844552324,0.04866446,0.084113106
ORG_844585430,0.061708316,-0.06762091
ORG_845060194,0.06379798,0.116911165
ORG_030265855,-0.038357686,-0.011113594
ORG_845098986,-0.17101808,-0.050613236
ORG_850618002,0.057753056,0.17127419
ORG_850833911,-0.008507005,-0.1070368
ORG_850837360,-0.24051738,-0.014594422
ORG_850948146,-0.08907429,-0.057333995
ORG_262426081,0.13268442,0.103216045
ORG_851485804,0.058528583,0.17826611
ORG_851587944,0.015799215,-0.023782589
ORG_852038140,-0.06240127,0.0076642046
ORG_852838664,-1.28737465e-05,-0.047031447
ORG_853069001,-0.041954365,-0.16737333
ORG_853488624,0.057702724,0.21491486
ORG_853515239,-0.23593089,0.00814491
ORG_510654660,-0.058046747,-0.06255945
ORG_853940927,0.02456081,0.021370031
ORG_854041760,0.042196266,-0.13895255
ORG_300290304,0.1669982,0.28817844
ORG_861121507,-0.8360035,0.21551107
ORG_861193420,0.026482956,-0.01589327
ORG_862903877,0.036234573,-0.1077945
ORG_862973147,0.14436187,0.21933496
ORG_863528171,0.0033036913,-0.10863064
ORG_870917128,0.1391723,0.30067235
ORG_262839648,0.11761271,0.17551985
ORG_871434832,-0.012033004,-0.12304445
ORG_871562866,0.1030805,-0.06898597
ORG_871947923,0.12138046,0.18835685
ORG_872239628,0.08579922,0.21956278
ORG_872455503,0.10096046,0.18292232
ORG_873356828,-0.025235167,0.04716939
ORG_873603906,-0.04430503,-0.012495174
ORG_263040518,0.0472933,-0.05359289
ORG_873876028,-0.0077321907,-0.14465381
ORG_873944660,0.07159465,-0.08046042
ORG_874466954,0.07565207,0.14653891
ORG_880722366,0.04433698,0.0053623533
ORG_881215038,0.09723531,0.18480684
ORG_881348141,-0.25028688,-0.014200754
ORG_881684930,0.0044071167,-0.07754845
ORG_016055267,0.09700673,0.18631724
ORG_881791906,-0.07783052,0.0550125
ORG_881981480,-0.011540475,-0.14845519
ORG_994863782,0.055799056,-0.12737682
ORG_882720656,0.05312038,0.021127844
ORG_882865575,0.1412065,0.19896623
ORG_882994233,0.01213418,-0.038375765
ORG_883315671,0.06799707,0.07337205
ORG_263354875,-0.8360035,0.21551107
ORG_472713767,0.101298735,0.18028569
ORG_883722780,-0.026449293,-0.023902813
ORG_472644997,0.033744555,-0.0340222
ORG_883978387,0.090159655,0.13563536
ORG_884250034,-0.20747153,0.041740365
ORG_010941507,-0.054306384,0.015579966
ORG_010759946,0.055652812,-0.07484798
ORG_911875063,0.051530235,-0.15531482
ORG_912061892,-0.03930267,-0.11820484
ORG_471789351,0.08954497,-0.22468524
ORG_920313310,-0.13658103,-0.072590694
ORG_920461982,-0.14116217,-0.0038885719
ORG_920488531,0.009440963,-0.07929772
ORG_471569821,-0.039117806,0.05719153
ORG_920879500,-0.25247264,0.008923438
ORG_920946273,-0.023870941,0.015350552
ORG_921084986,0.0040108105,-0.09782875
ORG_010558111,0.008054246,-0.0435603
ORG_921647183,0.10949587,0.16626117
ORG_010538753,-0.07793043,-0.06353728
ORG_921994203,-0.59128594,0.17046165
ORG_471023290,0.054348204,-0.0704477
ORG_922175509,0.18173337,0.16753449
ORG_922196619,0.060175095,-0.025064614
ORG_922685019,-0.04444539,-0.033016827
ORG_010526755,0.034429073,-0.1445477
ORG_922905113,-0.21067256,-0.0077210073
ORG_923148277,0.06716059,-0.047086317
ORG_923245153,0.124715745,0.24022926
ORG_923425035,0.04885863,0.07571647
ORG_923731045,0.11091321,0.20182835
ORG_923822998,-0.0066010966,-0.11226527
ORG_924000213,0.043274444,-0.05398146
ORG_924009925,-0.013451707,-0.14702101
ORG_264045195,0.06346107,-0.06814183
ORG_931358399,0.003743612,0.007023879
ORG_931519034,0.05161663,-0.09433195
ORG_931540361,0.17335933,0.25728464
ORG_464827590,-0.25214037,-0.028994918
ORG_010481088,-0.052005474,-0.04334058
ORG_932598905,-0.17574024,-0.037799556
ORG_932693105,0.01923606,-0.033360146
ORG_932707033,0.05366388,-0.095528826
ORG_932920323,0.06987159,-0.0048819664
ORG_933192155,0.035808444,-0.099055305
ORG_933213165,0.029294945,-0.1902567
ORG_933821421,-0.22427411,-0.04938002
ORG_933937480,0.10411874,-0.07599297
ORG_934212996,-0.13776657,-0.07940924
ORG_934289290,0.057867475,-0.115977615
ORG_934416539,0.09810741,0.27113178
ORG_934535045,-0.2696672,0.08879882
ORG_934597036,-0.0029352836,-0.08152649
ORG_934604114,-0.1622957,-0.014771741
ORG_990427833,0.036246493,-0.12671669
ORG_991644687,-0.14540377,-0.04295034
ORG_991656288,0.045857724,0.037934985
ORG_463055249,0.056746818,-0.17139173
ORG_991918704,0.056410316,0.041889086
ORG_992281703,0.06848335,0.13651013
ORG_992347551,0.03367077,-0.05309101
ORG_462852581,0.14411446,0.23916064
ORG_992979459,0.023703627,-0.054924738
ORG_461730296,0.03131552,0.14313246
ORG_993535334,-0.008000357,-0.04525383
ORG_461766337,0.0491677,-0.15372157
ORG_994175422,0.0027321097,-0.13050209
ORG_994185541,-0.016971624,-0.02986772
ORG_264446151,-0.012185279,-0.07488254
ORG_010659824,7.7349236e-05,-0.054963946
ORG_042103721,-0.02553819,-0.04315166
ORG_042718808,-0.034192767,-0.04836201
ORG_043294008,0.055160914,0.16888617
ORG_043575889,-0.0016751142,-0.095287405
ORG_060646636,0.00049060734,-0.018562656
ORG_066504128,-0.008965289,-0.1109364
ORG_112515790,-0.016528372,-0.030717703
ORG_113137126,0.1375737,-0.056522064
ORG_133376912,0.033907782,-0.10076927
ORG_133967303,-0.014477688,-0.12968795
ORG_136056738,0.04174277,-0.051943414
ORG_136142796,0.019120375,-0.047526177
ORG_136607761,0.13738312,8.273121e-05
ORG_200023318,-0.0022456297,-0.01314016
ORG_202759586,0.004086294,-0.14424555
ORG_204149465,0.043344084,-0.03044697
ORG_223233370,0.022727001,-0.057075728
ORG_223293378,0.083131835,-0.017370924
ORG_223654080,-0.12029183,0.023739666
ORG_223820759,0.09984282,-0.12491317
ORG_237069433,0.101676136,-0.20574212
ORG_237169070,0.034579914,-0.029017348
ORG_331249440,0.073297486,0.23734769
ORG_332445969,0.025929043,-0.15797454
ORG_332831355,0.06462991,-0.088475436
ORG_334445465,-0.27023974,-0.0226017
ORG_383786042,0.05201669,-0.07928957
ORG_392008597,0.036510248,-0.19008058
ORG_392227294,0.0646767,0.1196912
ORG_392658656,0.07301471,0.039469186
ORG_394834196,0.15558161,0.19859816
ORG_413306190,-0.15152515,0.05378271
ORG_413417078,0.044141598,-0.1948976
ORG_413737786,0.017987344,-0.11205504
ORG_413785671,0.024732633,0.06536164
ORG_415105836,0.012532189,-0.014659458
ORG_415218049,0.045325514,-0.013445765
ORG_422999642,0.01476753,-0.20458625
ORG_423313577,0.10862384,-0.015512054
ORG_432057040,0.023915002,0.044358343
ORG_464618710,0.09723348,-0.023270626
ORG_471029631,0.11935813,0.22727051
ORG_471545339,0.027366076,-0.10649696
ORG_471605315,-0.013820962,-0.118463926
ORG_475151949,0.022432668,0.027212562
ORG_510177067,0.0313577,-0.03528604
ORG_753015075,-0.021297397,-0.14551778
ORG_821927604,-0.04892998,-0.12540266
ORG_822360885,0.043458633,-0.08390333
ORG_824119604,0.02729039,-0.037335057
ORG_842145125,0.0028138845,-0.012373634
ORG_844727403,0.06625811,-0.06251838
ORG_861837259,-0.02300603,-0.0555445
ORG_871676125,0.04225603,-0.057366814
ORG_912004482,0.015064626,0.0047126636
ORG_912155475,0.02215828,-0.10577765
ORG_920362464,0.03537624,-0.0461209
ORG_921089029,0.024311585,0.43306312
ORG_923030161,0.0031677843,-0.07306884
ORG_923481793,0.14203307,0.17766526
ORG_923825912,0.03548127,-0.110597715
ORG_931721825,0.07964446,-0.06910674
ORG_932399590,0.11896134,0.20202339
ORG_933531016,0.032381725,-0.04412022
ORG_934435967,0.066542216,-0.08869303
ORG_990416635,-0.0069509754,-0.0023680353
ORG_990959010,-0.029341863,-0.0940196
ORG_991190697,-0.2152241,0.00722155
ORG_991752659,0.021729453,0.04041268
ORG_992492952,0.050602622,-0.09915788
ORG_993644617,-0.04509123,0.34433147
ORG_994084841,0.1871035,0.14013836
ORG_994493164,0.068327434,-0.054634094
ORG_994731969,0.06341946,-0.056362744
ORG_161628692,0.01945735,-0.0717111
ORG_232093074,0.0052719456,-0.0074297013
ORG_232331958,0.040292095,-0.06462644
ORG_232892416,0.07590228,-0.061138686
ORG_236201840,0.041848596,-0.08256779
ORG_237231195,0.021716133,-0.049829766
ORG_237334953,-0.0033913886,-0.08403942
ORG_237511831,-0.056089155,-0.02407912
ORG_251154678,-0.015539802,-0.02055684
ORG_251845200,0.049290445,-0.00577623
ORG_260541652,0.13222744,0.23259504
ORG_270169119,0.107269,0.14396173
ORG_271348646,-0.0013537072,-0.04705145
ORG_274830535,-0.012679242,0.016859768
ORG_300317658,0.00557094,0.04955241
ORG_300496901,0.036110822,0.15821934
ORG_311063977,0.064420894,-0.075334765
ORG_311143262,0.06523542,-0.050007753
ORG_311192429,0.07759304,-0.016285963
ORG_311532230,0.073337495,-0.061024405
ORG_320224505,0.081363976,-0.038839594
ORG_331240950,-0.13748409,-0.04335528
ORG_331907377,0.07120338,-0.040065553
ORG_331990818,-0.057541396,-0.09743408
ORG_332298679,0.11635357,0.24322233
ORG_332846804,0.007155838,0.025807755
ORG_333613895,-0.10069018,0.0027427624
ORG_333728541,0.08898969,-0.069378436
ORG_333903607,0.1461413,0.15696336
ORG_334430355,0.019396698,0.0698719
ORG_334861675,0.11899407,0.18324745
ORG_341906939,0.10556425,0.07340714
ORG_351074610,0.06115326,-0.024477953
ORG_356031006,-0.012617085,-0.033719983
ORG_363309659,0.015105032,0.003180129
ORG_363463121,0.059040762,0.00035633045
ORG_363614451,0.084942296,-0.07853557
ORG_363719546,0.07626287,0.0035932239
ORG_363739958,0.03341057,-0.04669911
ORG_364580171,0.047404427,-0.04116276
ORG_381485340,0.075320095,-0.04480932
ORG_382462815,0.038896445,0.014137409
ORG_384035004,0.035029676,-0.0028540618
ORG_391661743,-0.04858613,-0.0887547
ORG_392378631,0.008824266,0.07215727
ORG_392736347,0.035633795,-0.20621955
ORG_392881840,0.00064735627,-0.022178799
ORG_393292997,-0.022318618,-0.078890786
ORG_393449903,0.031811226,0.038409892
ORG_393525098,0.03465136,-0.046598755
ORG_393582690,0.039866656,-0.1185314
ORG_394723779,0.10047931,0.25454113
ORG_411349412,0.012415581,-0.058124546
ORG_411875159,0.04714944,-0.044873666
ORG_412605920,0.016205825,-0.16984576
ORG_412660988,0.02865611,0.18904568
ORG_412724113,0.021617532,-0.041373823
ORG_413033599,0.025624383,-0.092203416
ORG_413090181,0.10451232,0.28232798
ORG_413394477,0.120603696,0.20668863
ORG_413419823,0.1420113,0.15476424
ORG_413475697,0.0602144,-0.13155307
ORG_413649369,0.07148971,-0.07888826
ORG_413675917,0.010914133,-0.033495266
ORG_413685056,-0.31582522,0.05859457
ORG_413765078,0.120689094,0.19424963
ORG_413900030,-0.36629778,0.04809072
ORG_413923418,0.007300617,0.004586432
ORG_413957264,0.030519372,0.011057645
ORG_414023129,0.021792708,-0.049639996
ORG_414456341,-0.04484476,-0.008106806
ORG_414712542,0.13511568,0.13321917
ORG_414827065,0.084631965,-0.06695321
ORG_415045627,0.13303617,0.10974286
ORG_420681060,0.093488865,-0.05771411
ORG_421951821,-0.018746696,-0.004150846
ORG_422222279,0.033388615,0.15388305
ORG_422341882,0.110350065,0.06991168
ORG_422578449,0.069866516,0.24807929
ORG_422726673,0.11848116,-0.04915475
ORG_422734408,-0.07902915,0.23539494
ORG_422774639,-0.0027020955,-0.08678484
ORG_423054216,0.15880176,0.30160567
ORG_423876634,0.028154349,-0.06648918
ORG_450527552,0.00070772215,-0.053129204
ORG_454182958,0.028320586,-0.023703108
ORG_454510177,0.08709461,-0.024674451
ORG_455319113,-0.24970745,0.015643971
ORG_460982756,0.02836618,0.15516995
ORG_465299293,-0.08930654,-0.009193992
ORG_470677769,-0.010711877,-0.036343843
ORG_471500852,0.2044284,0.2406813
ORG_472978574,-0.023363182,-0.073765256
ORG_473151827,-0.018428534,0.07630834
ORG_475498680,0.088628285,-0.013666029
ORG_510652020,0.168964,0.12219325
ORG_520823353,0.076985106,0.046765532
ORG_521512610,0.060539883,-0.061403118
ORG_521946066,-0.0117754275,0.05581229
ORG_561581742,0.04054687,0.044407092
ORG_561755090,0.046262775,0.16484104
ORG_570952092,0.070538394,0.026222063
ORG_571241282,0.053874142,-0.0035731348
ORG_800236524,0.059648402,-0.010121263
ORG_811961036,0.08507205,0.036214627
ORG_815287381,-0.043814078,-0.055057686
ORG_821666957,-0.05553391,-0.12400859
ORG_821681189,-0.23555617,-0.029611837
ORG_822631051,0.0014545821,-0.022069383
ORG_823111568,-0.24970745,0.015643971
ORG_824175653,0.03224727,-0.13849132
ORG_833345333,0.059068568,-0.066646755
ORG_833857213,0.1767206,0.16943292
ORG_834513582,0.039753404,-0.067301705
ORG_853102286,-0.12457693,-0.06801272
ORG_863783407,0.042855844,0.052561503
ORG_873532190,-0.030392874,-0.017213339
ORG_874030884,0.11951666,0.15266427
ORG_881862453,0.043448683,-0.021813573
ORG_882166574,0.07281709,0.12561825
ORG_882305380,0.07439336,0.030884877
ORG_900436418,0.10080517,-0.0023809818
ORG_920941272,0.055933315,-0.036285564
ORG_921358892,0.057254422,-0.10137174
ORG_922643719,-0.039169583,-0.026293596
ORG_922674405,-0.005997018,0.03447954
ORG_923962501,0.22502807,0.27159542
ORG_934479115,0.015455261,-0.15655631
ORG_990657030,0.075269215,-0.23710454
ORG_991253431,0.031920683,0.04598454
ORG_991534158,0.13229805,0.2783437
ORG_991759471,0.044580422,-0.13920316
ORG_992208832,0.06991554,-0.0789657
ORG_992532325,-0.0027586955,-0.11422168
ORG_992715802,0.06761517,0.19741209
ORG_993113078,0.033744145,-0.02740483
ORG_993799188,0.1620665,0.07457875
ORG_994003430,0.025284253,-0.121981926
ORG_994425372,0.011158826,-0.025001256
ORG_994495322,0.028085252,0.27258703
ORG_994714407,-0.059226673,0.039384026
ORG_994803352,-0.115303665,0.029238714
ORG_913940433,-0.02588355,-0.026542017
ORG_913343111,-0.23555617,-0.029611837
ORG_930932216,0.1412065,0.19896623
ORG_917849591,0.006039269,-0.06743537
ORG_987760498,0.102188304,-0.021780534
ORG_942673319,0.024640016,-0.18009304
ORG_914958046,0.037716478,0.20025359
ORG_923164984,0.13787134,0.08720404
ORG_914078457,-0.14982423,-0.08026697
ORG_925940107,-0.029578729,-0.030009763
ORG_948942726,0.1539476,0.16432367
ORG_933241898,-0.008731524,-0.112772584
ORG_981308073,0.027695827,0.3085071
ORG_915794568,0.114845045,0.17495619
ORG_922402383,-0.020173093,-0.11646977
ORG_922191277,-0.039673742,0.22961186
ORG_931182733,-0.07902915,0.23539494
ORG_919433365,0.08579922,0.21956278
ORG_921396319,0.049522787,-0.09976646
ORG_919099541,0.11951666,0.15266427
ORG_950263768,-0.010362636,-0.06541504
ORG_915394404,0.10297767,0.10051698
ORG_922041937,-0.014284418,-0.1390907
ORG_924662434,0.07511004,0.062026612
ORG_928095488,-0.3093034,0.036899775
ORG_921414663,-0.25812554,-0.057409104
ORG_927336610,0.006984137,-0.21446836
ORG_961709916,-0.15174098,0.012321606
ORG_916434609,0.03465136,-0.046598755
ORG_973477303,0.12455119,-0.035372365
ORG_978936126,-0.006086224,-0.068154395
ORG_926640184,-0.104583405,-0.035849463
ORG_923499737,-0.20734558,0.038085166
ORG_921125610,0.060198043,0.03508609
ORG_919162215,0.02506553,-0.10968434
ORG_934909777,0.08283017,0.15289418
ORG_970885576,0.05759745,-0.0060282047
ORG_910650196,0.09885003,-0.058523946
ORG_921106574,0.08355689,-0.109798074
ORG_964236301,-0.013203131,-0.12829973
ORG_911449354,0.12138046,0.18835685
ORG_921031363,-1.28737465e-05,-0.047031447
ORG_932939326,0.058528583,0.17826611
ORG_911983020,0.0016214581,-0.16345419
ORG_945002097,0.124715745,0.24022926
ORG_916610348,0.09542756,-0.06985747
ORG_918575461,0.118962415,0.18780693
ORG_919864409,-0.07344088,-0.036558494
ORG_922918467,0.0663319,-0.17748316
ORG_978029671,0.07676058,-0.1050138
ORG_912029710,0.044598665,-0.1360213
ORG_997198422,0.08394475,0.15391022
ORG_926306867,-0.041062884,-0.1226173
ORG_925239928,0.04725835,-0.21394637
ORG_913787699,0.08317158,-0.071811706
ORG_924527933,0.050829176,-0.21825387
ORG_922130802,0.08954497,-0.22468524
ORG_927128488,0.055160914,0.16888617
ORG_915103394,-0.028722253,-0.08550333
ORG_924439087,-0.033126064,-0.039990745
ORG_915752984,0.13143173,0.2401203
ORG_914126498,0.019576065,-0.041322887
ORG_921993537,0.14279763,0.21553788
ORG_981306897,0.0029021418,0.21354985
ORG_912536098,0.023100162,-0.05828869
ORG_926371579,0.014702342,-0.25371492
ORG_919653147,0.12797958,0.17849635
ORG_986264099,-0.12029183,0.023739666
ORG_920566785,0.04208445,-0.09419184
ORG_916803484,0.029294936,-0.19025673
ORG_917843400,-0.01805411,-0.13546726
ORG_910364688,0.17023276,0.11105018
ORG_922863613,-0.046919867,-0.1277541
ORG_910681990,-0.28205687,0.036698755
ORG_916218859,0.05595411,-0.067370474
ORG_925661760,-0.04493877,-0.0005352501
ORG_919836125,0.12556934,0.2762798
ORG_992694191,-0.021224702,-0.13942394
ORG_921933529,-0.005473958,-0.12196031
ORG_934438999,0.03101954,0.2733154
ORG_912457900,-0.045836408,0.031526122
ORG_921612178,0.0050602835,-0.07436585
ORG_913396127,0.077227496,-0.018227303
ORG_920696173,-0.008729347,-0.14456809
ORG_966037431,0.0027801662,-0.13652016
ORG_925443938,0.016481355,-0.15195292
ORG_946342974,0.075320095,-0.04480932
ORG_918874017,0.14038645,-0.05892966
ORG_919061552,-0.004491232,-0.14823738
ORG_919429045,-0.35976216,0.10650636
ORG_916687252,0.13229805,0.2783437
ORG_920223589,-0.08601271,0.028658751
ORG_925566153,0.0326932,-0.05080004
ORG_963457966,-0.39264435,-0.029601991
ORG_910628410,0.035570476,-0.085083194
ORG_929403413,-0.0097686015,-0.18526092
ORG_922892293,-0.007627658,-0.25858906
ORG_994881787,0.02755159,-0.05109943
ORG_930129151,-0.019711476,0.20312849
ORG_914529725,0.038107097,-0.04950203
ORG_926637582,0.05265926,-0.116073236
ORG_959746901,-0.047401045,-0.06288384
ORG_926006818,0.14282688,0.21536018
ORG_924514188,-0.021925014,-0.039394837
ORG_983597733,-0.04516263,-0.11590665
ORG_939119200,-0.04509123,0.34433147
ORG_957373776,-0.04858613,-0.0887547
ORG_911730176,0.0033036913,-0.10863064
ORG_911217533,0.1767206,0.16943292
ORG_923078479,0.059528615,-0.013087329
ORG_923132098,0.006618394,0.32516745
ORG_910394108,0.00084255304,-0.05117452
ORG_918978041,0.0229728,-0.12211942
ORG_964726393,-0.047165003,0.0027554845
ORG_910050197,-0.0011871993,-0.075688735
ORG_930854028,-0.30395538,0.07271746
ORG_915404667,-0.02290623,-0.07634491
ORG_949135952,0.056116603,-0.03673016
ORG_925187820,0.14129366,0.19335032
ORG_910287618,0.0041467086,0.057542812
ORG_923787426,0.01476753,-0.20458625
ORG_910612208,0.106986314,0.24863191
ORG_978599701,0.051718913,0.0029026838
ORG_918869380,0.032285664,-0.06991689
ORG_925167454,-0.1046916,-0.061474204
ORG_921732950,0.132066,0.10387983
ORG_918724750,0.042731166,-0.046527408
ORG_924225751,-0.00015086125,-0.060065202
ORG_988621500,0.07646012,0.14587241
ORG_927640739,0.16293097,0.32684872
ORG_927964046,0.11208657,0.296705
ORG_931742803,-0.022919368,-0.03421462
ORG_924264675,-0.078058705,0.02872668
ORG_969077009,0.12561232,0.29699388
ORG_917904249,0.032064594,-0.009401048
ORG_912795473,0.038113095,-0.26633233
ORG_916106562,0.07667434,-0.059501715
ORG_917419124,-0.8360035,0.21551107
ORG_912500538,0.084080756,-0.060522877
ORG_958853723,0.06734845,0.28792477
ORG_923483971,0.12979218,0.17171976
ORG_911962052,0.0794697,0.08064553
ORG_925367047,0.06991554,-0.0789657
ORG_913637267,0.068596944,-0.13794157
ORG_927099482,0.054872528,0.015437865
ORG_911935080,0.07858724,-0.03333507
ORG_941448162,0.10000629,0.19355491
ORG_914885013,0.06761517,0.19741209
ORG_929067029,-0.28287435,-0.18632294
ORG_910163966,0.04990119,-0.10737189
ORG_915549528,0.09678585,-0.06770459
ORG_923331134,0.07301471,0.039469186
ORG_927028417,0.05219846,-0.09101822
ORG_922320692,0.02878906,-0.044259377
ORG_982257031,-0.27500162,0.0060400562
ORG_910062403,-0.054881096,-0.011402359
ORG_919476988,0.11594935,-0.13011424
ORG_916696491,0.02808526,0.27258706
ORG_965258117,0.039859053,0.007394404
ORG_920497541,-0.011215154,-0.11446719
ORG_915350780,-0.004847133,-0.13341793
ORG_924601946,0.1669982,0.28817847
ORG_919221818,-0.057541396,-0.09743408
ORG_923364739,0.138025,-0.015524244
ORG_917825606,0.009239272,-0.2779159
ORG_910633079,0.018157583,-0.30762783
ORG_912875636,-0.039586294,-0.14299886
ORG_986154620,-0.090748064,-0.063836016
ORG_923203266,-0.06985497,0.0075072967
ORG_919602774,0.05468962,-0.058987338
ORG_910797845,-0.18684295,-0.026075507
ORG_955479569,0.13524169,0.3329836
ORG_918378424,-0.040257916,-0.015643926
ORG_982422047,-0.054306395,0.01557996
ORG_984723591,0.086418174,-0.012051685
ORG_914438435,0.14203307,0.17766526
ORG_912840550,-0.18804061,-0.07404415
ORG_920722973,0.0045028217,-0.09713077
ORG_911634777,-0.0010502923,0.017069131
ORG_924503608,-0.33274823,0.02878994
ORG_922585187,-0.05553391,-0.12400859
ORG_954040851,-0.010880244,-0.17731111
ORG_998354294,-0.025619084,-0.095364474
ORG_942796284,0.11848116,-0.04915475
ORG_953548952,0.044193216,-0.060917526
ORG_916139786,0.1948868,0.12997538
ORG_922989398,-0.023006054,-0.12500288
ORG_927345855,0.040617313,-0.14410992
ORG_926661110,0.06309565,-0.19424145
ORG_968773353,0.061579153,-0.21796593
ORG_924666632,-0.033134725,-0.02890295
ORG_916848362,-0.09392063,0.31677172
ORG_926605011,0.03192545,-0.22826663
ORG_914825827,0.08778328,-0.09946918
ORG_995842684,-0.0023450016,-0.10630487
ORG_919559120,-0.07783052,0.0550125
ORG_916290471,0.055799056,-0.12737682
ORG_915441705,0.024779059,-0.007662605
ORG_911291507,0.018427633,-0.16399425
ORG_917874268,0.11188615,0.12757923
ORG_910245317,0.005224522,-0.14130735
ORG_917427363,-0.24383754,0.0048067034
ORG_913058308,0.097903796,0.06693247
ORG_936467668,0.02215828,-0.10577765
ORG_921077797,0.026314147,-0.07823336
ORG_912949787,0.081311986,-0.026390804
ORG_917297771,0.070302315,-0.22717735
ORG_919469527,0.06379798,0.116911165
ORG_911103952,0.029005565,-0.09290723
ORG_915124074,0.15216133,0.20191371
ORG_995726671,0.080797486,-0.04841759
ORG_916968621,0.101676136,-0.20574212
ORG_914846154,0.14523165,0.14681163
ORG_953713556,0.13462259,0.24138424
ORG_919597825,0.034429073,-0.1445477
ORG_910526040,0.1620665,0.07457875
ORG_919719240,0.0015363648,-0.14131145
ORG_922718501,-0.041693922,-0.053218722
ORG_998687706,0.08005496,0.18174233
ORG_957330016,-0.0013537072,-0.04705145
ORG_921492192,-0.0389064,-0.07709805
ORG_916958531,-0.07793042,-0.06353727
ORG_917732460,-0.0555064,-0.07470873
ORG_915549004,0.08919961,0.20132133
ORG_926862263,0.070605755,-0.24360175
ORG_925988406,0.085884884,0.23483722
ORG_955244035,0.099481136,-0.1428465
ORG_920210273,0.11036072,-0.11624048
ORG_911259560,0.05464752,-0.19378348
ORG_921624759,-0.11005134,-0.062056355
ORG_936812653,0.101298735,0.18028569
ORG_916168368,0.11676883,0.17658886
ORG_914334749,-0.013510806,-0.19828251
ORG_921272092,0.039480887,-0.101707734
ORG_924374936,0.15880176,0.30160567
ORG_925457111,0.01538421,-0.15306245
ORG_910417534,0.09723531,0.18480684
ORG_949757224,0.049385864,-0.06548544
ORG_918214608,0.013002588,-0.11422518
ORG_922856702,0.120253235,-0.062090386
ORG_925677915,0.09977973,-0.051724546
ORG_924541199,-0.1360337,-0.089642115
ORG_926514743,-0.017093685,-0.041244913
ORG_922485278,0.11310556,0.13050981
ORG_924507377,-0.021534855,-0.11459899
ORG_915663593,0.061794445,-0.1019451
ORG_926469909,-0.012033005,-0.12304444
ORG_922979417,0.016517302,0.030918194
ORG_913256263,-0.028286215,0.007142093
